"gene","bicor","pval","sample_type"
"ABI1",-0.136296741801473,1.91255567931315e-25,"Normal Tissue"
"ABI2",-0.377839589936745,3.71014087161713e-196,"Normal Tissue"
"ABI3",-0.273220420851291,8.68183610063845e-100,"Normal Tissue"
"ABL1",-0.733260213491909,0,"Normal Tissue"
"ACP1",-0.273880648131238,2.79371978437131e-100,"Normal Tissue"
"ACTB",-0.440396180144788,1.03540045942635e-273,"Normal Tissue"
"ACTN1",-0.58468984188193,0,"Normal Tissue"
"ACTN4",-0.605748089302766,0,"Normal Tissue"
"ACTR3",-0.208586750637079,5.16890989002752e-58,"Normal Tissue"
"ADAM10",-0.270452164942493,9.73557023233894e-98,"Normal Tissue"
"ADAM12",-0.316465524782733,5.05558939230282e-135,"Normal Tissue"
"ADAM9",-0.53031876334211,0,"Normal Tissue"
"ADD1",-0.588594286437422,0,"Normal Tissue"
"AGAP2",0.377106565838968,2.41243491380596e-195,"Normal Tissue"
"AJAP1",-0.0748849573282998,1.13727136108094e-08,"Normal Tissue"
"AKAP5",-0.0876016024560909,2.36026957119516e-11,"Normal Tissue"
"AKT1",-0.571992352380628,0,"Normal Tissue"
"ANK3",0.00789939540156141,0.547589587542447,"Normal Tissue"
"ANKRD28",-0.209296037211156,2.0982819655271e-58,"Normal Tissue"
"ARF1",-0.378325945055219,1.06848666101638e-196,"Normal Tissue"
"ARF6",-0.133912827371876,1.30298552345071e-24,"Normal Tissue"
"ARHGAP12",-0.383443569800579,1.92206168648172e-202,"Normal Tissue"
"ARHGAP21",-0.30436670062413,1.52356641511732e-124,"Normal Tissue"
"ARHGAP24",-0.50452510349444,0,"Normal Tissue"
"ARHGAP26",-0.0567514490925685,1.53316048215577e-05,"Normal Tissue"
"ARHGAP32",-0.0123204825644901,0.348259041303596,"Normal Tissue"
"ARHGAP35",-0.223707958192939,1.12803579025797e-66,"Normal Tissue"
"ARHGAP5",-0.326398571798272,5.33653097115425e-144,"Normal Tissue"
"ARHGEF12",-0.399748813255213,1.90766970989633e-221,"Normal Tissue"
"ARHGEF2",-0.342743150857699,1.60237260149307e-159,"Normal Tissue"
"ARHGEF6",-0.457311592336189,1.15412449190683e-297,"Normal Tissue"
"ARHGEF7",-0.457926527734204,1.46450508232431e-298,"Normal Tissue"
"ARPC2",-0.135403048887828,3.942493777922e-25,"Normal Tissue"
"ARVCF",-0.470005168405931,1.50400262361607e-316,"Normal Tissue"
"ASAP2",-0.559204682884395,0,"Normal Tissue"
"ASAP3",-0.427058031459476,9.24727017928859e-256,"Normal Tissue"
"BCAR1",-0.289523805218854,2.35882278469808e-112,"Normal Tissue"
"BCAR3",-0.448977895269608,1.07805461445487e-285,"Normal Tissue"
"CALR",-0.331403967436533,1.18579268779405e-148,"Normal Tissue"
"CAPN1",-0.159158447315171,3.33572813303198e-34,"Normal Tissue"
"CAPN2",-0.61259563092765,0,"Normal Tissue"
"CAPZA1",-0.024062349045087,0.0669382933666824,"Normal Tissue"
"CASP3",-0.0504429852484618,0.000121748234539067,"Normal Tissue"
"CASP8",-0.154762935408221,2.06879154098305e-32,"Normal Tissue"
"CASS4",-0.207876781013037,1.27019250157541e-57,"Normal Tissue"
"CAV1",-0.762735823770938,0,"Normal Tissue"
"CBL",-0.338162551919537,4.47444075219044e-155,"Normal Tissue"
"CBLL1",-0.306909050671903,1.05142754097641e-126,"Normal Tissue"
"CD151",-0.761225072183547,0,"Normal Tissue"
"CD2AP",-0.28205797179496,1.70836790506374e-106,"Normal Tissue"
"CD47",-0.321287803269171,2.44556809971006e-139,"Normal Tissue"
"CDC42",-0.189758262731261,3.84338974568271e-48,"Normal Tissue"
"CDH1",0.0859472855690215,5.55887602641445e-11,"Normal Tissue"
"CDH10",0.106531338398718,4.1813849886974e-16,"Normal Tissue"
"CDH11",-0.592643696255548,0,"Normal Tissue"
"CDH12",0.124932470422917,1.31827672068145e-21,"Normal Tissue"
"CDH15",-0.199700829721071,3.14041181389375e-53,"Normal Tissue"
"CDH18",0.283702915784981,9.05499374711689e-108,"Normal Tissue"
"CDH19",-0.556082901397485,0,"Normal Tissue"
"CDH2",-0.232226588221206,7.58334234205658e-72,"Normal Tissue"
"CDH20",0.18543519985589,5.13460665534647e-46,"Normal Tissue"
"CDH22",0.253581947936066,9.20429944918386e-86,"Normal Tissue"
"CDH24",-0.352726853026689,1.78291929937184e-169,"Normal Tissue"
"CDH3",-0.100063806831173,2.22603090177015e-14,"Normal Tissue"
"CDH4",0.138104647647417,4.36152591566302e-26,"Normal Tissue"
"CDH5",-0.654727699855752,0,"Normal Tissue"
"CDH6",-0.564186862067036,0,"Normal Tissue"
"CDH7",0.108016491307933,1.62097276973686e-16,"Normal Tissue"
"CDH8",-0.104736397556287,1.29165240267155e-15,"Normal Tissue"
"CDH9",0.212688656772454,2.68623292915781e-60,"Normal Tissue"
"CEACAM1",-0.0132737252776476,0.312232296152584,"Normal Tissue"
"CFL1",-0.0406243635807908,0.00197520044328407,"Normal Tissue"
"CGNL1",-0.382771890741112,1.10581230818429e-201,"Normal Tissue"
"CIB1",-0.270622418710424,7.29445085171724e-98,"Normal Tissue"
"CIB2",-0.306353871129573,3.13001157850567e-126,"Normal Tissue"
"CLIP1",-0.272490793599831,3.02833056619404e-99,"Normal Tissue"
"CORO1B",-0.502057758766792,0,"Normal Tissue"
"CORO2A",0.16210396977935,1.96246375133965e-35,"Normal Tissue"
"CRK",-0.535044611479372,0,"Normal Tissue"
"CRKL",-0.0410435208255105,0.00177270429017879,"Normal Tissue"
"CSK",0.143438692476421,4.95597637874811e-28,"Normal Tissue"
"CSNK1E",-0.564820864933497,0,"Normal Tissue"
"CSNK2A1",-0.159581386075291,2.22825539375561e-34,"Normal Tissue"
"CSRP1",-0.650989580306093,0,"Normal Tissue"
"CTNNA1",-0.655310032138746,0,"Normal Tissue"
"CTNNA2",0.100016300421513,2.28989071494702e-14,"Normal Tissue"
"CTNNA3",-0.284274166110878,3.24966336671006e-108,"Normal Tissue"
"CTNNB1",-0.570967268903958,0,"Normal Tissue"
"CTNND1",-0.412818183152376,1.80822130474206e-237,"Normal Tissue"
"CTNND2",0.0920034009056375,2.23554816013157e-12,"Normal Tissue"
"CTTN",-0.478913457454541,0,"Normal Tissue"
"CYTH2",-0.422167734252458,2.2263406673837e-249,"Normal Tissue"
"DBN1",-0.554104886750768,0,"Normal Tissue"
"DEF6",0.145585982359043,7.78062050183868e-29,"Normal Tissue"
"DIAPH1",0.0406444975977766,0.00196500762206169,"Normal Tissue"
"DLC1",-0.724000761617381,0,"Normal Tissue"
"DLG1",-0.0207467017976305,0.11420338561344,"Normal Tissue"
"DLG5",-0.457687522842757,3.26868670381481e-298,"Normal Tissue"
"DNM2",-0.083194316345413,2.23247074603257e-10,"Normal Tissue"
"DOCK1",-0.455980955394255,9.90830620249958e-296,"Normal Tissue"
"DYNC1H1",-0.228817234817934,9.45366579168754e-70,"Normal Tissue"
"ECT2",-0.0905335406287913,4.97318496165285e-12,"Normal Tissue"
"EGFR",-0.401082573214792,4.76483574969734e-223,"Normal Tissue"
"ELMO1",-0.0531701981267515,5.10830342845201e-05,"Normal Tissue"
"ENAH",-0.542237946499489,0,"Normal Tissue"
"ENG",-0.77509253346425,0,"Normal Tissue"
"EPB41",0.139891536200512,9.92277629957508e-27,"Normal Tissue"
"EXOC3",-0.398739866708323,3.07484628046703e-220,"Normal Tissue"
"EZR",-0.0652442349726798,6.6189479343752e-07,"Normal Tissue"
"FABP3",-0.254845608733474,1.25129608255184e-86,"Normal Tissue"
"FAT1",-0.429329034316273,9.25507240076939e-259,"Normal Tissue"
"FBLIM1",-0.698567653269515,0,"Normal Tissue"
"FER",-0.605568020332251,0,"Normal Tissue"
"FERMT1",0.00908127286424765,0.489342448691642,"Normal Tissue"
"FERMT2",-0.757318969236431,0,"Normal Tissue"
"FERMT3",-0.226598571520807,2.09431996160781e-68,"Normal Tissue"
"FHL2",-0.648791476764666,0,"Normal Tissue"
"FLNA",-0.707402404977839,0,"Normal Tissue"
"FLNB",-0.513107496738845,0,"Normal Tissue"
"FSCN1",-0.125631043942088,7.83111432753066e-22,"Normal Tissue"
"FYN",-0.256896897017264,4.78807378178286e-88,"Normal Tissue"
"GAB1",-0.659271917817567,0,"Normal Tissue"
"GIT1",-0.156703680336859,3.39376715033949e-33,"Normal Tissue"
"GIT2",-0.272054867924197,6.37649149942765e-99,"Normal Tissue"
"GNA12",-0.544690769848569,0,"Normal Tissue"
"GRB2",-0.13301330988054,2.66369971777139e-24,"Normal Tissue"
"GRB7",-0.0515702951924757,8.54535932988128e-05,"Normal Tissue"
"HAX1",-0.372348319409192,4.06841206287383e-190,"Normal Tissue"
"HEG1",-0.681110644206195,0,"Normal Tissue"
"HRAS",-0.0432183893066903,0.000995925191359449,"Normal Tissue"
"HSPA2",-0.212493588426659,3.4583329894051e-60,"Normal Tissue"
"HSPB1",-0.486813929632295,0,"Normal Tissue"
"ILK",-0.717364163598998,0,"Normal Tissue"
"ILKAP",-0.477702906161466,0,"Normal Tissue"
"INPP5D",-0.161978619582992,2.2163613452403e-35,"Normal Tissue"
"INPPL1",-0.648771860312846,0,"Normal Tissue"
"INSR",-0.480292682330657,0,"Normal Tissue"
"IQGAP1",-0.452776242874362,4.15056572606562e-291,"Normal Tissue"
"IRS1",-0.553394266510647,0,"Normal Tissue"
"ITGA1",-0.764290071425902,0,"Normal Tissue"
"ITGA10",-0.514501260009901,0,"Normal Tissue"
"ITGA11",-0.747451949381237,0,"Normal Tissue"
"ITGA2",-0.268971231989341,1.18859231150274e-96,"Normal Tissue"
"ITGA3",-0.544859636182294,0,"Normal Tissue"
"ITGA4",-0.192920179755603,9.9275361699975e-50,"Normal Tissue"
"ITGA5",-0.659552783588936,0,"Normal Tissue"
"ITGA6",-0.396518641531438,1.35207826328206e-217,"Normal Tissue"
"ITGA7",-0.667553094134892,0,"Normal Tissue"
"ITGA8",-0.647016710886534,0,"Normal Tissue"
"ITGA9",-0.737165496603909,0,"Normal Tissue"
"ITGAD",-0.111741449990411,1.42097485487638e-17,"Normal Tissue"
"ITGAE",-0.343888031304917,1.20707847323729e-160,"Normal Tissue"
"ITGAL",-0.0671014862997112,3.15276292971876e-07,"Normal Tissue"
"ITGAM",-0.243201253742062,7.93432416831541e-79,"Normal Tissue"
"ITGAV",-0.599513523034866,0,"Normal Tissue"
"ITGAX",-0.128682163501818,7.77991428497849e-23,"Normal Tissue"
"ITGB1",-0.700624664512043,0,"Normal Tissue"
"ITGB1BP1",-0.519566487767059,0,"Normal Tissue"
"ITGB2",-0.184329948453981,1.76053654791596e-45,"Normal Tissue"
"ITGB3",-0.641252948912038,0,"Normal Tissue"
"ITGB3BP",-0.401580088439449,1.19788997277089e-223,"Normal Tissue"
"ITGB4",-0.339000336517757,6.96946365715365e-156,"Normal Tissue"
"ITGB5",-0.708384357392599,0,"Normal Tissue"
"ITGB6",-0.0521139794290433,7.18605100565575e-05,"Normal Tissue"
"ITGB7",0.017308662664308,0.187578737661554,"Normal Tissue"
"ITGB8",-0.265508930004444,3.8799059903023e-94,"Normal Tissue"
"JUP",-0.2403922889688,5.25233209290223e-77,"Normal Tissue"
"KCNH2",-0.108091344230957,1.5448396021642e-16,"Normal Tissue"
"KEAP1",-0.14634246821546,4.02533541340036e-29,"Normal Tissue"
"KRIT1",-0.470280246173734,5.74232836348576e-317,"Normal Tissue"
"KTN1",-0.385807998914165,3.93080826400624e-205,"Normal Tissue"
"LASP1",-0.260043118967112,3.02956254233161e-90,"Normal Tissue"
"LAYN",-0.658689044216422,0,"Normal Tissue"
"LDB3",-0.504734636030294,0,"Normal Tissue"
"LIMA1",-0.577200535044854,0,"Normal Tissue"
"LIMK1",0.221479708901799,2.3454768423317e-65,"Normal Tissue"
"LIMS1",-0.591941535073167,0,"Normal Tissue"
"LIMS2",-0.813315530006173,0,"Normal Tissue"
"LIN7A",-0.173545597729579,1.94911597616399e-40,"Normal Tissue"
"LMO7",-0.139046540351394,2.00334175551724e-26,"Normal Tissue"
"LPP",-0.754166757693459,0,"Normal Tissue"
"LPXN",-0.214703408406304,1.9474458853146e-61,"Normal Tissue"
"LRP1",-0.686811855698321,0,"Normal Tissue"
"LYN",-0.0702766375998976,8.47762394930424e-08,"Normal Tissue"
"MACF1",-0.556495288211219,0,"Normal Tissue"
"MAGI1",-0.250647419992421,9.0724980936798e-84,"Normal Tissue"
"MAPK1",-0.0722363508027384,3.66211876848434e-08,"Normal Tissue"
"MAPK8",-0.327097023193238,1.21117967661239e-144,"Normal Tissue"
"MAPK8IP3",-0.143668080371153,4.07205273308872e-28,"Normal Tissue"
"MARCKS",0.0635854873722069,1.26260668144347e-06,"Normal Tissue"
"MET",-0.313040551529358,5.25348708672607e-132,"Normal Tissue"
"MMP14",-0.645149854240506,0,"Normal Tissue"
"MPP7",-0.298383411927492,1.52740136052751e-119,"Normal Tissue"
"MSN",-0.521850044202346,0,"Normal Tissue"
"MYH10",-0.618539858649158,0,"Normal Tissue"
"MYH9",-0.660082992006325,0,"Normal Tissue"
"MYO6",0.0485679180076754,0.000215964652987704,"Normal Tissue"
"MYO7A",-0.368410192993616,7.40192378422638e-186,"Normal Tissue"
"MYOM1",-0.414731129236098,7.09976680430104e-240,"Normal Tissue"
"NCK2",-0.407034681956324,2.73248018923344e-230,"Normal Tissue"
"NDEL1",-0.255662631503645,3.42324709705972e-87,"Normal Tissue"
"NEDD9",-0.576535601318994,0,"Normal Tissue"
"NEXN",-0.635024247973323,0,"Normal Tissue"
"NF2",0.0982579113665685,6.4628113205148e-14,"Normal Tissue"
"NISCH",-0.478375260867021,0,"Normal Tissue"
"NME1",0.145651504024765,7.34995684486124e-29,"Normal Tissue"
"NRP1",-0.740498797810381,0,"Normal Tissue"
"NRP2",-0.72813925770662,0,"Normal Tissue"
"NUDT16L1",0.0263875328246416,0.0445175481360896,"Normal Tissue"
"NUMB",-0.4134837713992,2.64172899893749e-238,"Normal Tissue"
"OSTF1",0.00443698786795389,0.735527867034205,"Normal Tissue"
"PABPC1",-0.339387425072182,2.94602952911395e-156,"Normal Tissue"
"PAK1",0.259217132687761,1.15234302312695e-89,"Normal Tissue"
"PALLD",-0.73820253628464,0,"Normal Tissue"
"PARD3",-0.427331174934052,4.04065214358328e-256,"Normal Tissue"
"PARVA",-0.751361040698578,0,"Normal Tissue"
"PARVB",-0.197730285898523,3.3685854888884e-52,"Normal Tissue"
"PDE4D",-0.353010111232714,9.19182561263609e-170,"Normal Tissue"
"PDPK1",-0.137685111276211,6.15719156279289e-26,"Normal Tissue"
"PDZD2",-0.337053313399552,5.2008616885213e-154,"Normal Tissue"
"PEAK1",-0.642521682356339,0,"Normal Tissue"
"PFN1",-0.295313091185542,5.06210553169666e-117,"Normal Tissue"
"PIK3CA",-0.593253537025195,0,"Normal Tissue"
"PIP5K1C",-0.471866560557126,2.18851318481839e-319,"Normal Tissue"
"PKD1",-0.444885648628067,6.15997304331222e-280,"Normal Tissue"
"PKP4",-0.175533472767283,2.42179899024982e-41,"Normal Tissue"
"PLAUR",-0.349909292102264,1.25052016554371e-166,"Normal Tissue"
"PLCG1",-0.538140608374335,0,"Normal Tissue"
"PLD1",-0.376266834586844,2.0478662099582e-194,"Normal Tissue"
"PLEC",-0.41640085126509,5.47382796222185e-242,"Normal Tissue"
"PLEKHA7",-0.41552513679521,7.04634974771482e-241,"Normal Tissue"
"PPFIA1",-0.454853245800308,4.24742764186942e-294,"Normal Tissue"
"PPM1F",-0.347930092036146,1.19902915563548e-164,"Normal Tissue"
"PPM1M",-0.474186309338147,5.92878775009496e-323,"Normal Tissue"
"PPP2CA",0.0307050476244334,0.0193835818048022,"Normal Tissue"
"PRKACA",-0.267179314765174,2.40280174054998e-95,"Normal Tissue"
"PRKCA",-0.15493492833754,1.76422701927431e-32,"Normal Tissue"
"PRKCD",-0.0764443870404096,5.60615342559025e-09,"Normal Tissue"
"PRKD1",-0.663278694277402,0,"Normal Tissue"
"PRNP",-0.345092973347469,7.8464215058373e-162,"Normal Tissue"
"PSEN1",-0.145891201523218,5.9665018004753e-29,"Normal Tissue"
"PTEN",-0.396473346450356,1.52999701618704e-217,"Normal Tissue"
"PTK2",-0.452564307442599,8.35673089731679e-291,"Normal Tissue"
"PTK2B",0.302851797001462,2.88616369212986e-123,"Normal Tissue"
"PTPN1",-0.376232769947373,2.23317742882051e-194,"Normal Tissue"
"PTPN11",-0.235330275581125,8.75268406611426e-74,"Normal Tissue"
"PTPN12",-0.647371859258045,0,"Normal Tissue"
"PTPN14",-0.484514679735116,0,"Normal Tissue"
"PTPN2",-0.236910016911532,8.80820308264811e-75,"Normal Tissue"
"PTPN6",0.0131595773014973,0.316412147892489,"Normal Tissue"
"PTPRA",-0.296519748115621,5.21798654272142e-118,"Normal Tissue"
"PTPRF",-0.206012285093593,1.3257187565584e-56,"Normal Tissue"
"PTPRH",-0.0600000308029571,4.83524066784717e-06,"Normal Tissue"
"PTPRJ",0.0332551913403908,0.0113298373140429,"Normal Tissue"
"PTPRK",-0.416772669057088,1.84559264216103e-242,"Normal Tissue"
"PTPRM",-0.625114460620406,0,"Normal Tissue"
"PTPRO",-0.147426853248619,1.55550131666987e-29,"Normal Tissue"
"PTPRT",0.0617143621180926,2.5676245999031e-06,"Normal Tissue"
"PTPRU",-0.378875030433763,2.61399651079269e-197,"Normal Tissue"
"PVR",-0.495698345135794,0,"Normal Tissue"
"PXN",-0.490541058888739,0,"Normal Tissue"
"RAC1",-0.314510028666502,2.69798651508374e-133,"Normal Tissue"
"RACGAP1",0.0500242389177875,0.000138607446580048,"Normal Tissue"
"RAP1A",-0.489977183002831,0,"Normal Tissue"
"RAPGEF1",-0.174775623364737,5.37901975325759e-41,"Normal Tissue"
"RAPGEF2",-0.423885664485126,1.31165094435086e-251,"Normal Tissue"
"RASA1",-0.456040265062767,8.12812916786571e-296,"Normal Tissue"
"RAVER1",-0.355296577840777,4.26560375927866e-172,"Normal Tissue"
"RDX",-0.395912626447994,7.05703323009123e-217,"Normal Tissue"
"RHOA",-0.517395209432083,0,"Normal Tissue"
"RHOU",-0.443375814007952,7.8295572374314e-278,"Normal Tissue"
"RNF185",-0.524801797981132,0,"Normal Tissue"
"RNF5",-0.431943771876622,3.04868287555974e-262,"Normal Tissue"
"ROCK1",-0.634397578648617,0,"Normal Tissue"
"SCRIB",-0.100542664328566,1.67260225575296e-14,"Normal Tissue"
"SDC1",0.0784663492935851,2.19433635261335e-09,"Normal Tissue"
"SDC4",-0.269789143300346,2.99033657966874e-97,"Normal Tissue"
"SDCBP",-0.393543070113282,4.36674111508628e-214,"Normal Tissue"
"SH2B1",-0.422457337187948,9.38887134726433e-250,"Normal Tissue"
"SH3BP1",0.185118194787664,7.31713495070491e-46,"Normal Tissue"
"SH3KBP1",-0.112534433701114,8.37351735145226e-18,"Normal Tissue"
"SHARPIN",-0.518303897869046,0,"Normal Tissue"
"SHC1",-0.607969307222084,0,"Normal Tissue"
"SHROOM3",-0.365818007294973,4.37464385317839e-183,"Normal Tissue"
"SIPA1L3",0.0465937466099428,0.000386660866010475,"Normal Tissue"
"SIRPA",0.0648884012120668,7.61252008466484e-07,"Normal Tissue"
"SLC16A3",-0.0504927697803685,0.000119877654216589,"Normal Tissue"
"SLC3A2",-0.199361733226489,4.73252428101061e-53,"Normal Tissue"
"SLC9A1",-0.166005607528524,4.23481640826938e-37,"Normal Tissue"
"SMPX",-0.169460690808032,1.30911881284578e-38,"Normal Tissue"
"SORBS1",-0.576464803356652,0,"Normal Tissue"
"SORBS2",-0.572073307289501,0,"Normal Tissue"
"SORBS3",-0.784895152632692,0,"Normal Tissue"
"SOS1",-0.614124137582664,0,"Normal Tissue"
"SPTBN1",-0.560485043484754,0,"Normal Tissue"
"SPTLC1",-0.368505020900934,5.85419468534016e-186,"Normal Tissue"
"SRC",-0.43841508336169,5.40233409464968e-271,"Normal Tissue"
"SRCIN1",0.106597353506891,4.01002793890055e-16,"Normal Tissue"
"SSH1",-0.381831121306217,1.27359941687039e-200,"Normal Tissue"
"SSX2IP",0.0548378404392509,2.94279206230468e-05,"Normal Tissue"
"STARD13",-0.73456265378855,0,"Normal Tissue"
"STAT3",-0.484960732764007,0,"Normal Tissue"
"SVIL",-0.561121539788172,0,"Normal Tissue"
"SYK",-0.00995416349489062,0.448564053466181,"Normal Tissue"
"SYNM",-0.494360338834508,0,"Normal Tissue"
"TES",-0.502076382260226,0,"Normal Tissue"
"TESK1",-0.56920157688477,0,"Normal Tissue"
"TGFB1I1",-0.828104571674645,0,"Normal Tissue"
"THY1",-0.23093749560579,4.74570109671596e-71,"Normal Tissue"
"TIAM1",0.104158755514518,1.84935897861915e-15,"Normal Tissue"
"TJP1",-0.483470876150955,0,"Normal Tissue"
"TJP2",-0.478307306628542,0,"Normal Tissue"
"TLN1",-0.653854177586702,0,"Normal Tissue"
"TNS1",-0.809830741610457,0,"Normal Tissue"
"TRIO",-0.487905736236518,0,"Normal Tissue"
"TRIOBP",-0.682363517088972,0,"Normal Tissue"
"TRIP6",-0.649980934715618,0,"Normal Tissue"
"TRPC4",-0.623321435488623,0,"Normal Tissue"
"TRPM7",-0.508080999134606,0,"Normal Tissue"
"TRPV4",-0.205192657840928,3.69044581916061e-56,"Normal Tissue"
"TSPAN1",-0.210357020006749,5.41374711297104e-59,"Normal Tissue"
"TUBA1B",-0.185626509596098,4.14509628027374e-46,"Normal Tissue"
"VASP",-0.366633601602023,5.91098475450485e-184,"Normal Tissue"
"VAV1",-0.0914514914530801,3.02282633342827e-12,"Normal Tissue"
"VAV2",-0.454486709610953,1.43644277256438e-293,"Normal Tissue"
"VAV3",0.132398760407535,4.32937640863069e-24,"Normal Tissue"
"VCL",-0.681689067397032,0,"Normal Tissue"
"VEZT",-0.427813208862395,9.35617544151855e-257,"Normal Tissue"
"VIM",-0.696069904782848,0,"Normal Tissue"
"WASF2",-0.505616151806688,0,"Normal Tissue"
"WASL",-0.473388835249894,1.01777523043297e-321,"Normal Tissue"
"WIPF2",-0.0720816757641513,3.91608061840819e-08,"Normal Tissue"
"ZFYVE21",-0.51065592753148,0,"Normal Tissue"
"ZYX",-0.497717392437001,0,"Normal Tissue"
"KRIT1",-0.109126871694652,8.6954225483679e-14,"Primary Tumor"
"RASA1",-0.338997951120255,2.54022844671985e-125,"Primary Tumor"
"MAPK8",0.0143904208446721,0.32670807690684,"Primary Tumor"
"NISCH",-0.321284156763064,4.67535469567945e-112,"Primary Tumor"
"MAGI1",-0.231977184829639,8.08048875552861e-58,"Primary Tumor"
"SOS1",-0.0127164068457556,0.386125369442462,"Primary Tumor"
"PLCG1",-0.15580212141844,1.21858717627432e-26,"Primary Tumor"
"IRS1",-0.195075957501642,4.39252137957972e-41,"Primary Tumor"
"TRPM7",-0.126074682712915,6.32572142895318e-18,"Primary Tumor"
"MAPK8IP3",-0.191899228447281,8.6684543079106e-40,"Primary Tumor"
"DOCK1",-0.36064852145868,9.24884893729718e-143,"Primary Tumor"
"FER",-0.312305717445233,1.14859742284553e-105,"Primary Tumor"
"CBLL1",0.0871302378867744,2.69305066599455e-09,"Primary Tumor"
"GIT2",-0.356218299665032,4.43634876437011e-139,"Primary Tumor"
"VEZT",-0.24469366948199,2.52298398188062e-64,"Primary Tumor"
"ANKRD28",-0.0785729906657585,8.18117350561362e-08,"Primary Tumor"
"PTPRA",-0.218630462302702,2.10778372180193e-51,"Primary Tumor"
"DLG5",-0.0665894838487437,5.54187115034305e-06,"Primary Tumor"
"ABI2",-0.135972769774392,1.27966689297784e-20,"Primary Tumor"
"ARHGAP12",-0.215529122896864,5.69200941708672e-50,"Primary Tumor"
"PPFIA1",-0.0481477849053025,0.0010263471543806,"Primary Tumor"
"ARHGAP5",-0.123807426498359,2.45073762866643e-17,"Primary Tumor"
"PIK3CA",-0.0538860962031495,0.000237813802232024,"Primary Tumor"
"KTN1",-0.11131502588375,2.74431256341071e-14,"Primary Tumor"
"ARHGEF7",-0.145004752061701,2.94048235328087e-23,"Primary Tumor"
"ITGA9",-0.504168705049108,3.54707980049926e-298,"Primary Tumor"
"SORBS2",-0.432366129886727,4.91260296703402e-211,"Primary Tumor"
"ITGA10",-0.501819362545229,5.53542493465981e-295,"Primary Tumor"
"ROCK1",-0.216437920084079,2.17827990366615e-50,"Primary Tumor"
"PTPN14",-0.222925519463091,2.01609074502088e-53,"Primary Tumor"
"PTPN11",-0.070780404113976,1.36681985569603e-06,"Primary Tumor"
"MACF1",-0.430911688395906,1.77501090755045e-209,"Primary Tumor"
"RAPGEF2",-0.367890794976081,6.62575952565439e-149,"Primary Tumor"
"DLG1",0.0390819447290795,0.00771086747559857,"Primary Tumor"
"PTEN",-0.0545483076036536,0.000199011423479516,"Primary Tumor"
"CBL",-0.138056555864177,3.26330921093781e-21,"Primary Tumor"
"PKP4",-0.140497897195747,6.40778060411874e-22,"Primary Tumor"
"CLIP1",-0.202692075528228,2.78428338403349e-44,"Primary Tumor"
"STARD13",-0.537031756270749,0,"Primary Tumor"
"SH2B1",-0.195035406165091,4.5644729239882e-41,"Primary Tumor"
"ASAP3",-0.274117947026063,6.92051245408289e-81,"Primary Tumor"
"CSNK1E",-0.010487745629175,0.474753965381279,"Primary Tumor"
"TRIO",-0.154144321169192,4.18263404564349e-26,"Primary Tumor"
"CDH20",-0.215853773754391,4.04078056251356e-50,"Primary Tumor"
"ARVCF",-0.283638956994568,1.040358973903e-86,"Primary Tumor"
"ITGB3BP",0.247311029972178,1.03457832926271e-65,"Primary Tumor"
"ARHGAP21",-0.058231592855295,7.13056469354229e-05,"Primary Tumor"
"ADAM12",-0.179689465808648,5.08400295395961e-35,"Primary Tumor"
"CDH4",-0.39086150142221,1.80190741440603e-169,"Primary Tumor"
"PTPRM",-0.65520242889517,0,"Primary Tumor"
"PTPN2",0.242818802016738,2.4288308356686e-63,"Primary Tumor"
"SSH1",-0.223933992736749,6.67020684334438e-54,"Primary Tumor"
"ITGAV",-0.426942665360927,2.89612406622906e-205,"Primary Tumor"
"EPB41",0.0362716803010654,0.0134078169698638,"Primary Tumor"
"DYNC1H1",-0.0927220955308721,2.40893218891409e-10,"Primary Tumor"
"CTNNB1",-0.215145118079371,8.53012846476052e-50,"Primary Tumor"
"ARHGEF12",-0.36961979911508,2.1408920152077e-150,"Primary Tumor"
"ADAM10",-0.130816282544743,3.43750750040038e-19,"Primary Tumor"
"LAYN",-0.426605700795594,6.55945307835552e-205,"Primary Tumor"
"PKD1",-0.200486402454288,2.42317096064306e-43,"Primary Tumor"
"PTPRT",-0.146212182628389,1.26630696483257e-23,"Primary Tumor"
"ARHGAP35",-0.138046377402277,3.28533183857971e-21,"Primary Tumor"
"ARHGEF6",-0.350328646212075,2.81926946442127e-134,"Primary Tumor"
"VIM",-0.62136379456552,0,"Primary Tumor"
"SRCIN1",-0.145630792458192,1.90152292301501e-23,"Primary Tumor"
"ZFYVE21",-0.293447196358466,5.95198047657593e-93,"Primary Tumor"
"ELMO1",-0.392284726135925,8.43973898495812e-171,"Primary Tumor"
"ABL1",-0.294398373323117,1.43202882359994e-93,"Primary Tumor"
"CD47",0.155585944517099,1.43229741001432e-26,"Primary Tumor"
"PDPK1",-0.11641510546294,1.70881035313783e-15,"Primary Tumor"
"PRNP",-0.246024637435215,4.99569481726096e-65,"Primary Tumor"
"PTPN12",-0.136157777105356,1.13443587230339e-20,"Primary Tumor"
"SVIL",-0.308524675199079,4.84849577902753e-103,"Primary Tumor"
"EGFR",-0.171372601303244,5.8233971370206e-32,"Primary Tumor"
"ARHGAP26",0.0211639352647175,0.149162561769373,"Primary Tumor"
"PTK2",-0.00049506135110578,0.973085506641986,"Primary Tumor"
"HEG1",-0.547610757147584,0,"Primary Tumor"
"CTNND2",-0.143643332188218,7.53766244986977e-23,"Primary Tumor"
"ITGB3",-0.532982476608243,0,"Primary Tumor"
"ITGB8",-0.030309901884936,0.0388179320052151,"Primary Tumor"
"CRKL",0.0730951979541502,6.09593914077499e-07,"Primary Tumor"
"INPPL1",-0.104168918532515,1.09073123048115e-12,"Primary Tumor"
"SYNM",-0.270368855504453,1.17462985915902e-78,"Primary Tumor"
"SPTLC1",-0.0814555810257907,2.6902485115778e-08,"Primary Tumor"
"CSNK2A1",0.17961601579474,5.41861253752701e-35,"Primary Tumor"
"PALLD",-0.341397817446661,3.46158434486842e-127,"Primary Tumor"
"ITGA11",-0.297565719747675,1.19829601675897e-95,"Primary Tumor"
"WASF2",-0.0762024961600792,1.98425648225581e-07,"Primary Tumor"
"ENAH",0.0433013396581546,0.00315318624948831,"Primary Tumor"
"PPM1F",-0.356134493317693,5.20106840387275e-139,"Primary Tumor"
"CYTH2",-0.260431103110516,6.45624265440096e-73,"Primary Tumor"
"CDH3",0.200839122373141,1.71734874089716e-43,"Primary Tumor"
"MAPK1",-0.11255630950714,1.41228578986055e-14,"Primary Tumor"
"CDH12",0.0531905521128342,0.000286140734153935,"Primary Tumor"
"CDH8",-0.181585093981866,9.71942550734865e-36,"Primary Tumor"
"RNF185",-0.300850616332907,7.87253747731998e-98,"Primary Tumor"
"FLNB",-0.062478014967909,2.02536231256053e-05,"Primary Tumor"
"ILKAP",0.0165665017190855,0.258858185363714,"Primary Tumor"
"PPM1M",-0.467838253767085,1.75590936251001e-251,"Primary Tumor"
"CAV1",-0.51620263450863,6.23776964618604e-315,"Primary Tumor"
"LPP",-0.157764437528443,2.78120274404445e-27,"Primary Tumor"
"ITGA7",-0.455913186070841,2.40288814578148e-237,"Primary Tumor"
"FAT1",-0.0901537495924766,7.43377912863931e-10,"Primary Tumor"
"CTNND1",-0.0271966166746347,0.0637666663585838,"Primary Tumor"
"CDH1",0.088027150845462,1.84642992856289e-09,"Primary Tumor"
"FYN",-0.434451870425254,2.77875200199319e-213,"Primary Tumor"
"AJAP1",-0.370253212314519,6.05630638245333e-151,"Primary Tumor"
"SHC1",-0.258113296982658,1.29862912436583e-71,"Primary Tumor"
"CSRP1",-0.313172713387527,2.83592213693441e-106,"Primary Tumor"
"PRKD1",-0.537988051238121,0,"Primary Tumor"
"LIMS1",-0.14104596060198,4.42860197727134e-22,"Primary Tumor"
"IQGAP1",-0.15239474974304,1.51455421041686e-25,"Primary Tumor"
"NRP1",-0.612455829605047,0,"Primary Tumor"
"ITGB1BP1",-0.00105157853923914,0.942867957048386,"Primary Tumor"
"MYO6",-0.0953298311894165,7.4346621862061e-11,"Primary Tumor"
"PARVA",-0.317100877993359,4.72836021399698e-109,"Primary Tumor"
"CRK",-0.188140156442623,2.76292387498324e-38,"Primary Tumor"
"CDH5",-0.644277179951376,0,"Primary Tumor"
"PARD3",0.198952035677645,1.07536091015457e-42,"Primary Tumor"
"CDH24",0.11268021290135,1.32114121716611e-14,"Primary Tumor"
"GIT1",0.140571801538029,6.09691175796299e-22,"Primary Tumor"
"ANK3",-0.153228805575248,8.21669073961383e-26,"Primary Tumor"
"ARHGAP32",0.0640655355319337,1.23909675806293e-05,"Primary Tumor"
"ARHGEF2",-0.135370355896051,1.89212126798158e-20,"Primary Tumor"
"RHOU",-0.317411060697759,2.841539441501e-109,"Primary Tumor"
"PABPC1",0.404268050735192,2.94872435512692e-182,"Primary Tumor"
"ITGA2",-0.15297869855015,9.87404574495781e-26,"Primary Tumor"
"VCL",-0.232121625940207,6.85025346404705e-58,"Primary Tumor"
"ARHGAP24",-0.490148620172911,1.74289322068612e-279,"Primary Tumor"
"PEAK1",-0.3546991626394,7.86575822491177e-138,"Primary Tumor"
"NDEL1",-0.215072130975931,9.21107021633196e-50,"Primary Tumor"
"PDZD2",-0.200480208187198,2.43785245816059e-43,"Primary Tumor"
"DLC1",-0.667593609393373,0,"Primary Tumor"
"PTPRK",-0.0213654810785504,0.145327418422157,"Primary Tumor"
"RAPGEF1",-0.199205355425156,8.41541770081795e-43,"Primary Tumor"
"ITGB1",-0.316987298309321,5.69673050522843e-109,"Primary Tumor"
"TESK1",-0.0748796270537232,3.21708415266544e-07,"Primary Tumor"
"NEXN",-0.35299763601665,1.93306036109139e-136,"Primary Tumor"
"ABI1",0.114187106691088,5.83501443622201e-15,"Primary Tumor"
"TES",-0.0900183229349415,7.88214184270314e-10,"Primary Tumor"
"FERMT2",-0.560403319826843,0,"Primary Tumor"
"TNS1",-0.597943357646414,0,"Primary Tumor"
"TJP1",-0.227739800592295,9.76876124475703e-56,"Primary Tumor"
"CDH22",-0.332169707393241,4.19690022045723e-120,"Primary Tumor"
"INPP5D",-0.226354230693664,4.58756545625782e-55,"Primary Tumor"
"CDH7",-0.0396354078026072,0.0068874571863686,"Primary Tumor"
"SPTBN1",-0.299701288810139,4.60218829406337e-97,"Primary Tumor"
"CGNL1",-0.498552576209531,1.3871291249893e-290,"Primary Tumor"
"ITGAD",-0.179192944538915,7.81818068473458e-35,"Primary Tumor"
"PAK1",0.0499765174418243,0.000654270543494162,"Primary Tumor"
"PTPRF",0.159610608860877,6.80768269039515e-28,"Primary Tumor"
"GAB1",-0.203860359516841,8.76025289047047e-45,"Primary Tumor"
"SORBS1",-0.321301326160084,4.54341317612354e-112,"Primary Tumor"
"LIN7A",-0.418570730931315,1.45941735341795e-196,"Primary Tumor"
"GNA12",-0.18899245530693,1.26842921805842e-38,"Primary Tumor"
"NF2",-0.0634417569134416,1.50502348627314e-05,"Primary Tumor"
"ITGA4",-0.253605260031854,4.08217789203803e-69,"Primary Tumor"
"MYH10",-0.373414419297033,1.06377768555524e-153,"Primary Tumor"
"INSR",-0.45308038989178,4.53835936331332e-234,"Primary Tumor"
"VAV3",0.00403558550241863,0.783294290841982,"Primary Tumor"
"FHL2",-0.0073029193936022,0.618692161946604,"Primary Tumor"
"BCAR3",-0.224608479670707,3.17343876873688e-54,"Primary Tumor"
"NUMB",-0.191423894978651,1.34833315871689e-39,"Primary Tumor"
"MYOM1",-0.34666286218099,2.44386367791032e-131,"Primary Tumor"
"LRP1",-0.408733249731879,1.19785917386629e-186,"Primary Tumor"
"ASAP2",-0.0492921024065982,0.000775686328255251,"Primary Tumor"
"CDH11",-0.365372797683641,9.45681287601116e-147,"Primary Tumor"
"TLN1",-0.402953442645652,5.61950958840277e-181,"Primary Tumor"
"LIMA1",-0.164485913975653,1.52550371162455e-29,"Primary Tumor"
"SSX2IP",0.181341619267239,1.20331258897218e-35,"Primary Tumor"
"SH3KBP1",-0.102321742864567,2.716880830584e-12,"Primary Tumor"
"RDX",-0.255549253467304,3.46781194173976e-70,"Primary Tumor"
"MYO7A",-0.107402768764481,2.12318477518065e-13,"Primary Tumor"
"SIPA1L3",0.0814085336566147,2.74037097607634e-08,"Primary Tumor"
"ITGA6",0.0397017982354997,0.0067941869247097,"Primary Tumor"
"ADD1",-0.43053139739928,4.52148973020271e-209,"Primary Tumor"
"AGAP2",-0.16759145909475,1.27561238173559e-30,"Primary Tumor"
"NRP2",-0.420396030311668,1.94017828159455e-198,"Primary Tumor"
"ITGAX",-0.246480928118727,2.8608480214573e-65,"Primary Tumor"
"ACTN1",-0.0993198811714938,1.15694081441612e-11,"Primary Tumor"
"MET",-0.177274569301876,4.07476838031725e-34,"Primary Tumor"
"PRKACA",-0.240841142713595,2.59202305383084e-62,"Primary Tumor"
"ITGA1",-0.48150043736967,2.20575569822152e-268,"Primary Tumor"
"NEDD9",-0.408225024116089,3.81598517358748e-186,"Primary Tumor"
"DEF6",0.114566152576648,4.74274065041857e-15,"Primary Tumor"
"PTPRU",-0.157498731893887,3.40092571248498e-27,"Primary Tumor"
"EXOC3",-0.131088612695872,2.8984457437768e-19,"Primary Tumor"
"STAT3",-0.179441198562425,6.30559896764328e-35,"Primary Tumor"
"NCK2",-0.153077089898246,9.18583824245669e-26,"Primary Tumor"
"PPP2CA",0.068584701954729,2.87439120153215e-06,"Primary Tumor"
"ITGB6",-0.0727822453039802,6.8088040015171e-07,"Primary Tumor"
"THY1",-0.44016653558267,1.60192045111162e-219,"Primary Tumor"
"MMP14",-0.215006505114781,9.86938460526624e-50,"Primary Tumor"
"ACP1",0.306568101069759,1.06918196147091e-101,"Primary Tumor"
"FSCN1",-0.00778952960362648,0.595509612194066,"Primary Tumor"
"DBN1",-0.109414540486057,7.48182846173095e-14,"Primary Tumor"
"LIMK1",-0.112000913391,1.90285651779448e-14,"Primary Tumor"
"WIPF2",-0.0407254341306488,0.00549284745054563,"Primary Tumor"
"SIRPA",-0.266194035868417,3.24559354027133e-76,"Primary Tumor"
"TGFB1I1",-0.553933968619168,0,"Primary Tumor"
"MARCKS",-0.0325576708172997,0.0264586996808286,"Primary Tumor"
"PLEKHA7",-0.0762213286620401,1.97053890517516e-07,"Primary Tumor"
"PTPRJ",-0.272633052473848,5.33968762180269e-80,"Primary Tumor"
"SHROOM3",-0.0373469126237447,0.0108933497812984,"Primary Tumor"
"WASL",-0.194942970219341,4.98185530307038e-41,"Primary Tumor"
"CTTN",-0.182951073198689,2.91683443988778e-36,"Primary Tumor"
"ECT2",0.511458303348599,3.0269636496025e-308,"Primary Tumor"
"PSEN1",-0.0847413959812005,7.22612349762632e-09,"Primary Tumor"
"CASP8",0.0780684813586065,9.90026753170557e-08,"Primary Tumor"
"MSN",-0.406301512707076,3.00739970827295e-184,"Primary Tumor"
"ITGB4",0.177172332835754,4.44719498194903e-34,"Primary Tumor"
"PRKCD",-0.0306490609366557,0.0366859697168999,"Primary Tumor"
"AKAP5",-0.0823586944590528,1.88382567275306e-08,"Primary Tumor"
"ITGAM",-0.358846777997927,2.95252355258332e-141,"Primary Tumor"
"CD2AP",0.0623692204362502,2.09385452000147e-05,"Primary Tumor"
"CDH6",-0.436367547985192,2.32103934314411e-215,"Primary Tumor"
"TRIP6",-0.103318560056489,1.66359858919014e-12,"Primary Tumor"
"CTNNA3",-0.21742846371897,7.60782775217433e-51,"Primary Tumor"
"TIAM1",-0.113157856009663,1.02084872234777e-14,"Primary Tumor"
"LPXN",-0.24101257678175,2.11289077495961e-62,"Primary Tumor"
"FERMT1",0.258742180332952,5.76924928291388e-72,"Primary Tumor"
"TRIOBP",-0.318834713557908,2.72344423805713e-110,"Primary Tumor"
"CDH18",0.00822222802266821,0.575234599878623,"Primary Tumor"
"ITGB5",-0.301347337131011,3.66108513868256e-98,"Primary Tumor"
"SDCBP",-0.191035920657229,1.93204455318394e-39,"Primary Tumor"
"MPP7",-0.0195108702470739,0.183583030132823,"Primary Tumor"
"FLNA",-0.25197137887391,3.18973877603703e-68,"Primary Tumor"
"MYH9",-0.163169820349808,4.30328107520472e-29,"Primary Tumor"
"TJP2",0.015110221948169,0.303090281151912,"Primary Tumor"
"PXN",-0.216190207165509,2.83143909272293e-50,"Primary Tumor"
"ZYX",-0.163634848158333,2.98600240044654e-29,"Primary Tumor"
"VAV2",-0.108596744041703,1.14591050505727e-13,"Primary Tumor"
"PTPN1",0.00519930498060064,0.723085602936307,"Primary Tumor"
"SYK",0.0886334688193113,1.42760750745544e-09,"Primary Tumor"
"LDB3",-0.382903945112569,3.70302051104793e-162,"Primary Tumor"
"GRB7",0.162388095372311,7.93482812322384e-29,"Primary Tumor"
"ITGA5",-0.373043818271221,2.24631860511607e-153,"Primary Tumor"
"TRPV4",-0.0735228171093169,5.23718538628105e-07,"Primary Tumor"
"PIP5K1C",-0.389895931509507,1.42533165433386e-168,"Primary Tumor"
"LYN",-0.0891081245309714,1.16581099295774e-09,"Primary Tumor"
"ADAM9",-0.16307910456586,4.62067509560767e-29,"Primary Tumor"
"ITGAL",-0.134380162550864,3.58486847205133e-20,"Primary Tumor"
"SLC3A2",0.0690084049394057,2.49453720248022e-06,"Primary Tumor"
"ITGAE",0.161244024768237,1.93224312931066e-28,"Primary Tumor"
"CIB2",0.0764386987109298,1.81869294285489e-07,"Primary Tumor"
"CASP3",0.230011259274086,7.56540231881101e-57,"Primary Tumor"
"PLD1",0.031525377407091,0.0316338836307856,"Primary Tumor"
"RAVER1",0.159484828745674,7.49681068084343e-28,"Primary Tumor"
"CAPZA1",0.19095438735417,2.08355063696492e-39,"Primary Tumor"
"CDH2",-0.349236336333904,2.13640969732069e-133,"Primary Tumor"
"ENG",-0.664119451135875,0,"Primary Tumor"
"VAV1",-0.0930566356401881,2.07537556854165e-10,"Primary Tumor"
"RACGAP1",0.544720471923706,0,"Primary Tumor"
"SORBS3",-0.432346491176206,5.1570116929224e-211,"Primary Tumor"
"ITGA8",-0.557370827860367,0,"Primary Tumor"
"ARF6",0.132658014208658,1.07701970973452e-19,"Primary Tumor"
"SLC9A1",-0.0390387678655729,0.00777866944912998,"Primary Tumor"
"LIMS2",-0.477559529757133,1.98522030725451e-263,"Primary Tumor"
"AKT1",-0.0846026252804546,7.64634850361384e-09,"Primary Tumor"
"CDH10",-0.199910176309016,4.24670344189214e-43,"Primary Tumor"
"HAX1",0.146857217286951,8.0501652714573e-24,"Primary Tumor"
"RAP1A",-0.273029453994102,3.0986325525974e-80,"Primary Tumor"
"CORO2A",0.18945109249395,8.33019761544945e-39,"Primary Tumor"
"PARVB",-0.0399803845521335,0.00641505727945528,"Primary Tumor"
"JUP",0.251552550605114,5.38991507495694e-68,"Primary Tumor"
"CTNNA1",-0.23567000859462,1.14289760242649e-59,"Primary Tumor"
"CDH9",-0.125499954656622,8.93770132525991e-18,"Primary Tumor"
"SCRIB",0.369396593882488,3.33844452263638e-150,"Primary Tumor"
"CTNNA2",-0.0552769515620361,0.00016322256921368,"Primary Tumor"
"ACTR3",0.110497916592476,4.23272053633873e-14,"Primary Tumor"
"CASS4",-0.315785088199514,4.07310071469495e-108,"Primary Tumor"
"ITGB2",-0.25899150296636,4.17977528806739e-72,"Primary Tumor"
"FBLIM1",-0.0255240123672288,0.0819012791553962,"Primary Tumor"
"SH3BP1",0.368305919880292,2.91190042457638e-149,"Primary Tumor"
"NME1",0.534669843797937,0,"Primary Tumor"
"RHOA",-0.185498850885754,3.01207928307417e-37,"Primary Tumor"
"PDE4D",-0.275448431459009,1.09723258408543e-81,"Primary Tumor"
"DIAPH1",0.0468405138440313,0.00140335206122628,"Primary Tumor"
"CALR",0.0889688215903048,1.23735990192119e-09,"Primary Tumor"
"FABP3",-0.309450430850715,1.11265983658644e-103,"Primary Tumor"
"ITGA3",-0.282867052192046,3.14706988199713e-86,"Primary Tumor"
"PLEC",-0.0488242210959643,0.000870383101543086,"Primary Tumor"
"PTPN6",0.0277885165283185,0.0582025858995132,"Primary Tumor"
"SDC4",-0.166489737377284,3.09346085371649e-30,"Primary Tumor"
"ILK",-0.48008215280288,1.36150241257737e-266,"Primary Tumor"
"PTPRH",0.11560631031089,2.67605321677044e-15,"Primary Tumor"
"FERMT3",-0.170458984107799,1.23579976264983e-31,"Primary Tumor"
"PRKCA",-0.112167863516049,1.74000577734237e-14,"Primary Tumor"
"PTK2B",-0.182945286131168,2.93180503516651e-36,"Primary Tumor"
"LASP1",-0.123506868635145,2.92727801977845e-17,"Primary Tumor"
"CDH19",-0.118232902091904,6.16487174981414e-16,"Primary Tumor"
"EZR",-0.0531630338751344,0.000288229991319447,"Primary Tumor"
"TRPC4",-0.447388035644502,1.40309544854893e-227,"Primary Tumor"
"CEACAM1",0.164003768506275,2.23278620844256e-29,"Primary Tumor"
"GRB2",-0.0458980900259018,0.00175026469359525,"Primary Tumor"
"HSPA2",0.0111035468405069,0.449207827659797,"Primary Tumor"
"CDC42",-0.0298823273038805,0.0416548067518586,"Primary Tumor"
"TSPAN1",-0.0837487498645673,1.08057367034709e-08,"Primary Tumor"
"TUBA1B",0.359985323718138,3.31789634712898e-142,"Primary Tumor"
"LMO7",-0.13091600439581,3.22950287624104e-19,"Primary Tumor"
"CDH15",-0.115703978571393,2.53537936506298e-15,"Primary Tumor"
"CD151",-0.351213018675539,5.43819547232916e-135,"Primary Tumor"
"ACTB",0.0392568055275384,0.00744166021246044,"Primary Tumor"
"KCNH2",0.076228673656328,1.96521369400574e-07,"Primary Tumor"
"SMPX",0.0891259004228141,1.1569762119103e-09,"Primary Tumor"
"CAPN1",0.171109558898307,7.23511728836767e-32,"Primary Tumor"
"CAPN2",-0.240340600182338,4.70323711190713e-62,"Primary Tumor"
"PTPRO",-0.171299690283614,6.18473997677854e-32,"Primary Tumor"
"ITGB7",-0.0818440182920581,2.30904590981943e-08,"Primary Tumor"
"RAC1",0.161950153413325,1.11642952359261e-28,"Primary Tumor"
"NUDT16L1",-0.153354339639999,7.49193305240538e-26,"Primary Tumor"
"CORO1B",0.0111920016256578,0.445603459978327,"Primary Tumor"
"RNF5",0.0207949240274438,0.156383794910216,"Primary Tumor"
"SRC",0.11835036146163,5.76870222933764e-16,"Primary Tumor"
"ABI3",-0.377194974193975,4.90854261133363e-157,"Primary Tumor"
"ACTN4",-0.00230888105399583,0.874967624329155,"Primary Tumor"
"CSK",0.219664696505835,6.94237098660008e-52,"Primary Tumor"
"DNM2",0.0165138206163497,0.260375943125907,"Primary Tumor"
"PVR",0.122619363106716,4.93433279792509e-17,"Primary Tumor"
"PLAUR",0.0370970462033138,0.0114370011980132,"Primary Tumor"
"HRAS",0.131911237714547,1.72763000493237e-19,"Primary Tumor"
"SHARPIN",0.143271410449903,9.7327279406042e-23,"Primary Tumor"
"ARPC2",0.103576669082282,1.46405937780724e-12,"Primary Tumor"
"VASP",0.0146082446161632,0.319438070029227,"Primary Tumor"
"OSTF1",-0.031092286246074,0.0340508183862065,"Primary Tumor"
"KEAP1",0.129654132397447,7.08954415681641e-19,"Primary Tumor"
"HSPB1",0.0916663018109073,3.84252156747602e-10,"Primary Tumor"
"ARF1",0.0128363302948746,0.381661377366452,"Primary Tumor"
"BCAR1",-0.223900081764193,6.92358318227158e-54,"Primary Tumor"
"SLC16A3",-0.0465287560146451,0.00151039181499977,"Primary Tumor"
"SDC1",0.0870193315122896,2.82098093697495e-09,"Primary Tumor"
"CIB1",-0.0256401184707826,0.0805201546512716,"Primary Tumor"
"CFL1",0.306744651331809,8.09559993262446e-102,"Primary Tumor"
"PFN1",0.266570738402787,1.96242267263174e-76,"Primary Tumor"
"KRIT1",-0.042638939010238,0.60074642102075,"Metastatic"
"RASA1",-0.269782955617786,0.000745111206985252,"Metastatic"
"MAPK8",0.018968871150833,0.815972046101423,"Metastatic"
"NISCH",-0.14425944833438,0.0752274223512843,"Metastatic"
"MAGI1",-0.21805141454622,0.006775337930491,"Metastatic"
"SOS1",0.0396648337705637,0.626403611195178,"Metastatic"
"PLCG1",0.116660582358865,0.150977809559845,"Metastatic"
"IRS1",-0.103978645467244,0.200873322433465,"Metastatic"
"TRPM7",0.0671986164941553,0.409191138936647,"Metastatic"
"MAPK8IP3",-0.201731341087652,0.0123990459838191,"Metastatic"
"DOCK1",-0.0572479443421417,0.482125820875347,"Metastatic"
"FER",-0.0616199455382878,0.449250326593977,"Metastatic"
"CBLL1",0.120272367235795,0.138641797802006,"Metastatic"
"GIT2",-0.152914290763481,0.0591539641136708,"Metastatic"
"VEZT",-0.198891649108632,0.0137145774780359,"Metastatic"
"ANKRD28",0.174732595060105,0.0307536682821004,"Metastatic"
"PTPRA",-0.0813119781695945,0.317706971770891,"Metastatic"
"DLG5",-0.169226423975429,0.036514091870545,"Metastatic"
"ABI2",-0.0159358650904957,0.844992403308377,"Metastatic"
"ARHGAP12",-0.194860164316809,0.0157912436089957,"Metastatic"
"PPFIA1",0.0411763621040253,0.613305291512286,"Metastatic"
"ARHGAP5",-0.036621749310474,0.653127277721223,"Metastatic"
"PIK3CA",-0.011505082101093,0.887753327122794,"Metastatic"
"KTN1",-0.097272785326995,0.231630373856628,"Metastatic"
"ARHGEF7",-0.00997617580029464,0.902590510586803,"Metastatic"
"ITGA9",-0.241644072250205,0.00261949438652373,"Metastatic"
"SORBS2",-0.229649474692979,0.0042958438762609,"Metastatic"
"ITGA10",-0.335707030254382,2.21350184034253e-05,"Metastatic"
"ROCK1",0.00517330213981591,0.949395540714431,"Metastatic"
"PTPN14",-0.0418723641149019,0.607314528548151,"Metastatic"
"PTPN11",0.0377695878455586,0.642992998850788,"Metastatic"
"MACF1",-0.274610320769631,0.000592182844040302,"Metastatic"
"RAPGEF2",-0.15900084361751,0.0496333831495011,"Metastatic"
"DLG1",0.0617934768538961,0.44797196506113,"Metastatic"
"PTEN",0.0714936936442575,0.379834970687216,"Metastatic"
"CBL",-0.0635093783423843,0.435442026166686,"Metastatic"
"PKP4",-0.152110456050873,0.0605167055453066,"Metastatic"
"CLIP1",-0.0531439594361843,0.51412710323149,"Metastatic"
"STARD13",-0.263842723350445,0.000982876329918408,"Metastatic"
"SH2B1",-0.175499875293981,0.0300158466406982,"Metastatic"
"ASAP3",-0.132857726408876,0.101599477443541,"Metastatic"
"CSNK1E",0.044750058488155,0.582824594163149,"Metastatic"
"TRIO",0.0258309747458489,0.751285976496418,"Metastatic"
"CDH20",0.0111441643221969,0.891252518925425,"Metastatic"
"ARVCF",-0.122071851428639,0.132790006853328,"Metastatic"
"ITGB3BP",0.188366248835368,0.0197129103297941,"Metastatic"
"ARHGAP21",-0.0333510901847347,0.682348125452609,"Metastatic"
"ADAM12",-0.226902812102432,0.00479488172892409,"Metastatic"
"CDH4",0.00383578995229184,0.962467657828879,"Metastatic"
"PTPRM",-0.199606391177417,0.0133724589921635,"Metastatic"
"PTPN2",0.100037330944976,0.21857181532894,"Metastatic"
"SSH1",-0.00807181199548934,0.921117929306597,"Metastatic"
"ITGAV",-0.275622330193837,0.000564039392878752,"Metastatic"
"EPB41",0.2263984897758,0.00489195971852023,"Metastatic"
"DYNC1H1",-0.00391009966165016,0.961741100748203,"Metastatic"
"CTNNB1",0.145663839292087,0.0724021448011819,"Metastatic"
"ARHGEF12",-0.183050409379779,0.0235242484142655,"Metastatic"
"ADAM10",0.109836955605586,0.176516296738302,"Metastatic"
"LAYN",-0.327641069765293,3.56252284556719e-05,"Metastatic"
"PKD1",-0.244715261988414,0.00229888427423507,"Metastatic"
"PTPRT",-0.0488389872181688,0.548833725054907,"Metastatic"
"ARHGAP35",-0.00274661357591404,0.973120219534673,"Metastatic"
"ARHGEF6",-0.337912292094736,1.9389264344703e-05,"Metastatic"
"VIM",-0.000338708280604747,0.996684614095398,"Metastatic"
"SRCIN1",-0.0667441127047822,0.412373894009516,"Metastatic"
"ZFYVE21",0.0248785856197854,0.760172158002292,"Metastatic"
"ELMO1",-0.384339630230258,9.35448891123784e-07,"Metastatic"
"ABL1",-0.0948658914023197,0.243438248407011,"Metastatic"
"CD47",-0.0955318187646593,0.240130191913012,"Metastatic"
"PDPK1",-0.0158830726016215,0.845499500500331,"Metastatic"
"PRNP",-0.292555245931559,0.000242880926920382,"Metastatic"
"PTPN12",-0.0719610303340286,0.376720032659138,"Metastatic"
"SVIL",-0.293195454343453,0.00023502011448807,"Metastatic"
"EGFR",-0.280360135133422,0.000447956303850505,"Metastatic"
"ARHGAP26",0.115428142532802,0.155371384570188,"Metastatic"
"PTK2",-0.00869279361081718,0.915071293820321,"Metastatic"
"HEG1",-0.260473653573047,0.00114685349942379,"Metastatic"
"CTNND2",-0.103655089273434,0.202286012505154,"Metastatic"
"ITGB3",-0.33068666118753,2.98125068104935e-05,"Metastatic"
"ITGB8",-0.261124764322063,0.00111333393025172,"Metastatic"
"CRKL",0.145985266556272,0.0717677628369476,"Metastatic"
"INPPL1",0.0462771222009247,0.570016929671152,"Metastatic"
"SYNM",-0.288822194833632,0.000293795070025331,"Metastatic"
"SPTLC1",-0.0485859873767851,0.550908462615526,"Metastatic"
"CSNK2A1",0.149659438263975,0.0648317042223115,"Metastatic"
"PALLD",-0.446965598968575,6.96826217730447e-09,"Metastatic"
"ITGA11",-0.391243299679466,5.71766259323175e-07,"Metastatic"
"WASF2",0.0393812824967806,0.62887397367021,"Metastatic"
"ENAH",0.0141225151327425,0.862445541015845,"Metastatic"
"PPM1F",-0.0711706196822111,0.381997491269589,"Metastatic"
"CYTH2",-0.0630215220612045,0.43898395710484,"Metastatic"
"CDH3",0.33168128228281,2.81162075258801e-05,"Metastatic"
"MAPK1",0.136769435177252,0.0918339075435937,"Metastatic"
"CDH12",0.0425474396464593,0.601528726880212,"Metastatic"
"CDH8",-0.159146140090905,0.049422662806251,"Metastatic"
"RNF185",0.087465451513949,0.282340087480792,"Metastatic"
"FLNB",-0.052187684476641,0.521737785838903,"Metastatic"
"ILKAP",0.155681654437665,0.0546539838031167,"Metastatic"
"PPM1M",-0.207311029966971,0.0101328270066472,"Metastatic"
"CAV1",-0.350816988434754,8.75191550995062e-06,"Metastatic"
"LPP",-0.082397389923156,0.311268389054389,"Metastatic"
"ITGA7",-0.117502743196994,0.148029905747997,"Metastatic"
"FAT1",-0.106752195798599,0.189055157859502,"Metastatic"
"CTNND1",0.0299416391229259,0.713318592837878,"Metastatic"
"CDH1",0.219449173247423,0.00642079422164054,"Metastatic"
"FYN",-0.167206837651405,0.0388435963608753,"Metastatic"
"AJAP1",-0.3528676815179,7.68761219401458e-06,"Metastatic"
"SHC1",-0.271197549148223,0.000696907056645575,"Metastatic"
"CSRP1",-0.288765390208807,0.000294641180164745,"Metastatic"
"PRKD1",-0.0388806833554953,0.633245349426896,"Metastatic"
"LIMS1",-0.113870859803507,0.16105956962818,"Metastatic"
"IQGAP1",-0.0804555604929244,0.322847735776346,"Metastatic"
"NRP1",-0.423330842486093,4.98258936038289e-08,"Metastatic"
"ITGB1BP1",0.183241227866794,0.0233772036052623,"Metastatic"
"MYO6",-0.164916760188644,0.041635084303395,"Metastatic"
"PARVA",0.156117164407039,0.0539722413635066,"Metastatic"
"CRK",-0.0780539552379207,0.337548416441908,"Metastatic"
"CDH5",-0.346883590700158,1.11948933045816e-05,"Metastatic"
"PARD3",0.0539766033353494,0.507547228721564,"Metastatic"
"CDH24",-0.0869167648393528,0.28538183161506,"Metastatic"
"GIT1",0.190815909047326,0.0181444158986603,"Metastatic"
"ANK3",-0.201415615743906,0.0125396262656043,"Metastatic"
"ARHGAP32",-0.0700238670314535,0.389733537655147,"Metastatic"
"ARHGEF2",-0.116313858307199,0.15220427391257,"Metastatic"
"RHOU",-0.341233835594375,1.58525250931577e-05,"Metastatic"
"PABPC1",0.334786552491117,2.33861587962801e-05,"Metastatic"
"ITGA2",-0.256698821299737,0.00136005949227689,"Metastatic"
"VCL",-0.152221282162524,0.060327304939491,"Metastatic"
"ARHGAP24",-0.254534590638875,0.0014980468410744,"Metastatic"
"PEAK1",-0.0264459521129298,0.745565204329538,"Metastatic"
"NDEL1",-0.123280025807764,0.128968619778182,"Metastatic"
"PDZD2",-0.269484967394889,0.000755648629338828,"Metastatic"
"DLC1",-0.21600828916255,0.00732492684003347,"Metastatic"
"PTPRK",-0.058417497091082,0.473206516530394,"Metastatic"
"RAPGEF1",0.143337560027664,0.0771300025479524,"Metastatic"
"ITGB1",-0.251888898102443,0.00168402672623174,"Metastatic"
"TESK1",0.00574147947243954,0.943846359574578,"Metastatic"
"NEXN",-0.30389660685869,0.000134054475394024,"Metastatic"
"ABI1",0.115020010933954,0.156847328728014,"Metastatic"
"TES",-0.157660932417241,0.0516120119765574,"Metastatic"
"FERMT2",-0.158061343542906,0.0510139987569859,"Metastatic"
"TNS1",-0.0427338975249917,0.599935021562524,"Metastatic"
"TJP1",-0.0411862880005777,0.613219674142216,"Metastatic"
"CDH22",-0.180382842958099,0.0256645572358076,"Metastatic"
"INPP5D",-0.185580299170548,0.021637933060983,"Metastatic"
"CDH7",0.119394147706498,0.141568169835361,"Metastatic"
"SPTBN1",-0.0501608024882148,0.538056607459601,"Metastatic"
"CGNL1",-0.33768185284586,1.96603949307954e-05,"Metastatic"
"ITGAD",-0.0549668462260032,0.499779313524705,"Metastatic"
"PAK1",0.0686259848710549,0.399290230187041,"Metastatic"
"PTPRF",0.0131600219587214,0.871736989742704,"Metastatic"
"GAB1",0.0377529751716267,0.643139210088535,"Metastatic"
"SORBS1",-0.0813766302133811,0.317321057299419,"Metastatic"
"LIN7A",-0.267677264324077,0.00082256374840179,"Metastatic"
"GNA12",-0.138988096300582,0.0866361208562824,"Metastatic"
"NF2",0.141095862176483,0.081918601824304,"Metastatic"
"ITGA4",-0.0321066815517971,0.693593980101391,"Metastatic"
"MYH10",-0.00812685108725764,0.920581813967014,"Metastatic"
"INSR",-0.291290068134853,0.000259138410013866,"Metastatic"
"VAV3",-0.0515131788409308,0.527140251528873,"Metastatic"
"FHL2",-0.0953314366995284,0.241122292397469,"Metastatic"
"BCAR3",-0.0742872510295874,0.361448354551356,"Metastatic"
"NUMB",-0.163580238416134,0.0433405902502569,"Metastatic"
"MYOM1",-0.19057591830972,0.0182931440418253,"Metastatic"
"LRP1",-0.379507372728945,1.31157956689817e-06,"Metastatic"
"ASAP2",-0.0520516044934314,0.52282544625441,"Metastatic"
"CDH11",-0.380445375597488,1.22881747586659e-06,"Metastatic"
"TLN1",-0.0728062558333877,0.371126118295616,"Metastatic"
"LIMA1",0.0187124388669244,0.818416573793687,"Metastatic"
"SSX2IP",0.0392140138571251,0.6303331892451,"Metastatic"
"SH3KBP1",-0.0279252932150804,0.73186107176234,"Metastatic"
"RDX",-0.044792742832723,0.582464796562456,"Metastatic"
"MYO7A",-0.107798203423928,0.184732529972464,"Metastatic"
"SIPA1L3",0.262628388555722,0.00103932567745615,"Metastatic"
"ITGA6",-0.201938698541243,0.0123074713260748,"Metastatic"
"ADD1",-0.138782945534219,0.0871066479531966,"Metastatic"
"AGAP2",-0.132506410206529,0.102515152461248,"Metastatic"
"NRP2",-0.121191932978712,0.135627332321265,"Metastatic"
"ITGAX",-0.123587592475057,0.128009443527559,"Metastatic"
"ACTN1",0.0891893749953973,0.272925216612602,"Metastatic"
"MET",0.070993388288467,0.383186972303051,"Metastatic"
"PRKACA",-0.094952859637981,0.243004434855171,"Metastatic"
"ITGA1",-0.400846390190542,2.82893447026984e-07,"Metastatic"
"NEDD9",-0.142264360919307,0.0793935554149219,"Metastatic"
"DEF6",-0.0345502082987348,0.671577202215269,"Metastatic"
"PTPRU",-0.052474478932562,0.519449273705302,"Metastatic"
"EXOC3",0.0687781294571366,0.398243366766973,"Metastatic"
"STAT3",-0.201967740222848,0.0122946932064592,"Metastatic"
"NCK2",0.0995486387873128,0.22084125625847,"Metastatic"
"PPP2CA",0.0473283719577524,0.56127791925244,"Metastatic"
"ITGB6",-0.0972799213637542,0.231595974993291,"Metastatic"
"THY1",-0.351297508657834,8.49069612811842e-06,"Metastatic"
"MMP14",0.00980018174389581,0.904300698115048,"Metastatic"
"ACP1",0.128712197605571,0.112823626564554,"Metastatic"
"FSCN1",-0.173623275388971,0.0318476199801033,"Metastatic"
"DBN1",-0.0664421122208939,0.414496724815373,"Metastatic"
"LIMK1",-0.184533066352182,0.0224023351645515,"Metastatic"
"WIPF2",0.0361921581420321,0.656936625519323,"Metastatic"
"SIRPA",0.201876459284406,0.0123348953616221,"Metastatic"
"TGFB1I1",-0.232201169303452,0.003874545815154,"Metastatic"
"MARCKS",-0.0266621547209464,0.743557275865113,"Metastatic"
"PLEKHA7",-0.116993524626244,0.149807127071989,"Metastatic"
"PTPRJ",0.00356776751073094,0.965088477304914,"Metastatic"
"SHROOM3",-0.0457331807536634,0.574563774754896,"Metastatic"
"WASL",-0.021857840087282,0.788559714815122,"Metastatic"
"CTTN",0.0641715303326066,0.430660887156524,"Metastatic"
"ECT2",0.294750652330623,0.000216898276180742,"Metastatic"
"PSEN1",-0.00243754210562013,0.976144003650689,"Metastatic"
"CASP8",-0.0180395634763054,0.824839243920138,"Metastatic"
"MSN",-0.0439301314914899,0.589755812156344,"Metastatic"
"ITGB4",-0.32097877235677,5.22565587285951e-05,"Metastatic"
"PRKCD",0.239273627047418,0.00289404776729365,"Metastatic"
"AKAP5",-0.0699645705617565,0.390136102424438,"Metastatic"
"ITGAM",-0.15206666277137,0.0605916821453048,"Metastatic"
"CD2AP",0.138978587002796,0.0866578860714051,"Metastatic"
"CDH6",-0.26896540231841,0.000774349659368256,"Metastatic"
"TRIP6",0.0371981771245022,0.648029920535337,"Metastatic"
"CTNNA3",-0.0933295929467083,0.251190505619262,"Metastatic"
"TIAM1",-0.243978683254279,0.00237235322720947,"Metastatic"
"LPXN",-0.166571797714421,0.0396014328253397,"Metastatic"
"FERMT1",0.061618283637753,0.449262579292837,"Metastatic"
"TRIOBP",-0.0702058498052929,0.388499615954328,"Metastatic"
"CDH18",0.0898746705856057,0.26924235029199,"Metastatic"
"ITGB5",-0.215414763245087,0.00749183580843496,"Metastatic"
"SDCBP",0.155034121950519,0.0556807565147151,"Metastatic"
"MPP7",-0.0796892544965796,0.327492858013882,"Metastatic"
"FLNA",-0.104577806118643,0.198276151031916,"Metastatic"
"MYH9",0.0153855936913133,0.850281108611055,"Metastatic"
"TJP2",-0.0414356458046284,0.611070516018212,"Metastatic"
"PXN",-0.0649797262459266,0.424866294529446,"Metastatic"
"ZYX",-0.137413643926192,0.0902997506778128,"Metastatic"
"VAV2",-0.164294897688882,0.0424214996907074,"Metastatic"
"PTPN1",0.0783219866285689,0.335886953259729,"Metastatic"
"SYK",0.000101654121912872,0.999004974085629,"Metastatic"
"LDB3",0.123888570710691,0.127076139474541,"Metastatic"
"GRB7",-0.120670406461067,0.137330756853658,"Metastatic"
"ITGA5",-0.324588596544838,4.25080838117676e-05,"Metastatic"
"TRPV4",-0.0379418064328916,0.641478078337847,"Metastatic"
"PIP5K1C",-0.09732053849244,0.231400250813113,"Metastatic"
"LYN",-0.0104021520838047,0.898453037190183,"Metastatic"
"ADAM9",-0.205230137538662,0.0109312976858242,"Metastatic"
"ITGAL",-0.0823583785296462,0.311498315131147,"Metastatic"
"SLC3A2",0.155569575863451,0.0548305761256344,"Metastatic"
"ITGAE",0.0326556448694061,0.688624523413617,"Metastatic"
"CIB2",0.231942041299633,0.00391556599493671,"Metastatic"
"CASP3",0.0244989630209587,0.763723019349996,"Metastatic"
"PLD1",0.141239892637564,0.0816039201721211,"Metastatic"
"RAVER1",0.236669278458754,0.00322545325775237,"Metastatic"
"CAPZA1",0.122106502343763,0.132679212257941,"Metastatic"
"CDH2",-0.308709286470564,0.000103399526597373,"Metastatic"
"ENG",-0.46523841209086,1.36928156836388e-09,"Metastatic"
"VAV1",-0.057553760809954,0.47978488610913,"Metastatic"
"RACGAP1",0.430706032210658,2.74053205814949e-08,"Metastatic"
"SORBS3",-0.104429157044698,0.198918218367277,"Metastatic"
"ITGA8",-0.426066222513196,3.99841142002142e-08,"Metastatic"
"ARF6",0.190014477276601,0.0186452162017116,"Metastatic"
"SLC9A1",-0.0687335257638775,0.398550102296499,"Metastatic"
"LIMS2",-0.0452228601440485,0.578844966877793,"Metastatic"
"AKT1",0.13066445706627,0.107422866541775,"Metastatic"
"CDH10",-0.074451398266812,0.360385441361256,"Metastatic"
"HAX1",0.0167546297068938,0.837136040911435,"Metastatic"
"RAP1A",-0.236095981371255,0.0033028520452848,"Metastatic"
"CORO2A",-0.110090577392549,0.175513357434503,"Metastatic"
"PARVB",0.315987664905184,6.92246338437957e-05,"Metastatic"
"JUP",-0.0863041656069493,0.288803711196934,"Metastatic"
"CTNNA1",-0.187261514909603,0.0204577744468186,"Metastatic"
"CDH9",-0.108391117923155,0.182314696258967,"Metastatic"
"SCRIB",0.198254269737551,0.0140260961327925,"Metastatic"
"CTNNA2",-0.0793594717495537,0.329505057409851,"Metastatic"
"ACTR3",0.0126107617230487,0.877047233181043,"Metastatic"
"CASS4",-0.242094788448055,0.00257004016765098,"Metastatic"
"ITGB2",-0.130924469711883,0.106719125309573,"Metastatic"
"FBLIM1",-0.260355421039941,0.00115303834320641,"Metastatic"
"SH3BP1",0.380877665573875,1.19237251667773e-06,"Metastatic"
"NME1",0.344936781008049,1.26301728948656e-05,"Metastatic"
"RHOA",-0.0429059875927403,0.598465802729413,"Metastatic"
"PDE4D",-0.0754367364972243,0.354045912849882,"Metastatic"
"DIAPH1",-0.0020594157433793,0.979843839918392,"Metastatic"
"CALR",-0.00348274522193941,0.96591993506497,"Metastatic"
"FABP3",0.118369356586708,0.145042074045483,"Metastatic"
"ITGA3",-0.25624320323072,0.00138810538342301,"Metastatic"
"PLEC",-0.233205711998628,0.00371915414574568,"Metastatic"
"PTPN6",-0.117816706646343,0.146942118686987,"Metastatic"
"SDC4",-0.20502075022791,0.0110146291406998,"Metastatic"
"ILK",-0.0448733887317652,0.581785291355643,"Metastatic"
"PTPRH",-0.0169880086219274,0.834899586142968,"Metastatic"
"FERMT3",-0.0896700301565913,0.270338560164177,"Metastatic"
"PRKCA",-0.219021074797566,0.00652758471973066,"Metastatic"
"PTK2B",-0.278132566101472,0.000499468941144594,"Metastatic"
"LASP1",-0.0738864475317078,0.364051868936218,"Metastatic"
"CDH19",-0.19518024402817,0.015616899999857,"Metastatic"
"EZR",0.0548912113630372,0.500370415885367,"Metastatic"
"TRPC4",-0.339718532719055,1.73829464717834e-05,"Metastatic"
"CEACAM1",0.208172587260059,0.0098175822012423,"Metastatic"
"GRB2",-0.0251013289647604,0.758091013576332,"Metastatic"
"HSPA2",0.218019124581753,0.0067837302259716,"Metastatic"
"CDC42",0.0892308014619175,0.272701621415827,"Metastatic"
"TSPAN1",-0.139689427571214,0.0850428980894696,"Metastatic"
"TUBA1B",0.310095166319037,9.58705139939441e-05,"Metastatic"
"LMO7",-0.346433690117138,1.1512189310334e-05,"Metastatic"
"CDH15",-0.0680198290046105,0.403477263434456,"Metastatic"
"CD151",-0.286795516816966,0.00032541906431091,"Metastatic"
"ACTB",-0.0190612523933936,0.815091823504822,"Metastatic"
"KCNH2",-0.0395143232769427,0.627714378021051,"Metastatic"
"SMPX",0.0017496391258697,0.982875220928548,"Metastatic"
"CAPN1",0.0742582511231272,0.361636341570049,"Metastatic"
"CAPN2",-0.0811672269828738,0.318572109741531,"Metastatic"
"PTPRO",-0.114810097570942,0.157610534004554,"Metastatic"
"ITGB7",-0.0301702866822657,0.711226241742373,"Metastatic"
"RAC1",0.145363343229578,0.072999319723061,"Metastatic"
"NUDT16L1",-0.284026934028225,0.000373731561961118,"Metastatic"
"CORO1B",0.153349641532025,0.0584265040706435,"Metastatic"
"RNF5",0.188377009487803,0.0197057718544357,"Metastatic"
"SRC",0.12234424546914,0.131920950585985,"Metastatic"
"ABI3",-0.150686034970328,0.0629947467170203,"Metastatic"
"ACTN4",-0.0652772335954943,0.422744639995568,"Metastatic"
"CSK",0.363634439194084,3.83388431877245e-06,"Metastatic"
"DNM2",0.195649509580865,0.0153643281596836,"Metastatic"
"PVR",0.157883560635461,0.0512788043087088,"Metastatic"
"PLAUR",-0.267652440760062,0.000823519381186269,"Metastatic"
"HRAS",0.00779945113752067,0.923771412938954,"Metastatic"
"SHARPIN",0.102014989288382,0.209557228865683,"Metastatic"
"ARPC2",0.03537182614084,0.664235324788704,"Metastatic"
"VASP",0.0152902348796265,0.851198295566707,"Metastatic"
"OSTF1",0.0380526143654055,0.640504136756015,"Metastatic"
"KEAP1",-0.0730882418414157,0.36927127624114,"Metastatic"
"HSPB1",0.0881594113602871,0.27852427106118,"Metastatic"
"ARF1",-0.0683891913843047,0.400922795846274,"Metastatic"
"BCAR1",-0.144130564671367,0.0754911070122458,"Metastatic"
"SLC16A3",-0.012232263914863,0.880709752664318,"Metastatic"
"SDC1",-0.0363477536099953,0.655555875228061,"Metastatic"
"CIB1",-0.0814029629470991,0.317163961841481,"Metastatic"
"CFL1",0.163736531419103,0.0431381786373955,"Metastatic"
"PFN1",0.253260112658672,0.00158516261459703,"Metastatic"
