gene_name,bicor_gtex,p_gtex,bicor_tcga,p_tcga,z_gtex,z_tcga,se_diff,z_diff,p_diff,padj_diff,delta_bicor
ABI1,0.336773354,9.64E-154,-0.013767321,0.348144616,0.350448632,-0.013768191,0.019695029,18.49283004,2.36E-76,4.43E-76,0.350540675
ABI2,0.489593558,0,0.261552373,1.55E-73,0.535525614,0.267774051,0.019695029,13.59488041,4.29E-42,6.05E-42,0.228041185
ABI3,0.301446964,5.79E-122,0.037372935,0.010846598,0.311110435,0.03739035,0.019695029,13.89792755,6.52E-44,9.43E-44,0.264074029
ABL1,0.622701034,0,0.153313569,7.81E-26,0.729404729,0.154532014,0.019695029,29.18872154,2.70E-187,1.27E-186,0.469387465
ACP1,0.575024676,0,-0.127674033,2.42E-18,0.654997556,-0.128374622,0.019695029,39.77512196,0,0,0.702698709
ACTB,0.370149363,9.89E-188,-0.257649369,2.44E-71,0.388596165,-0.263588999,0.019695029,33.11420186,1.86E-240,1.72E-239,0.627798732
ACTN1,0.321253934,2.62E-139,-0.156406853,7.84E-27,0.33304472,-0.157701306,0.019695029,24.91725333,4.84E-137,1.47E-136,0.477660787
ACTN4,0.514841586,0,-0.185167084,4.13E-37,0.569295342,-0.187327981,0.019695029,38.41696936,0,0,0.70000867
ACTR3,0.314614017,2.19E-133,-0.194972907,4.94E-41,0.32565811,-0.19750143,0.019695029,26.56302468,1.82E-155,6.59E-155,0.509586924
ADAM10,0.564695594,0,0.104993832,7.26E-13,0.639700503,0.105382211,0.019695029,27.12960176,4.41E-162,1.75E-161,0.459701762
ADAM12,0.205532636,3.97E-56,-0.085446819,5.45E-09,0.208502431,-0.085655688,0.019695029,14.93565307,1.93E-50,2.96E-50,0.290979455
ADAM9,0.467113539,3.5470156772512e-312,0.018357725,0.210912549,0.506371894,0.018359788,0.019695029,24.77844069,1.53E-135,4.57E-135,0.448755814
ADD1,0.600485697,0,0.216064929,3.31E-50,0.693906428,0.219524629,0.019695029,24.0863723,3.47E-128,9.36E-128,0.384420768
AGAP2,-0.065514369,5.95E-07,0.137671149,4.25E-21,-0.065608343,0.138550952,0.019695029,-10.36603177,3.54E-25,4.44E-25,-0.203185518
AJAP1,0.222397384,2.57E-64,0.103598007,2.13E-12,0.226176831,0.103971036,0.019695029,6.20490558,5.47E-10,6.15E-10,0.118799377
AKAP5,0.340425714,2.91E-157,0.211188849,6.32E-48,0.354573967,0.214415368,0.019695029,7.116445438,1.11E-12,1.28E-12,0.129236865
AKT1,0.54884898,0,-0.030233255,0.039335225,0.616732601,-0.030242472,0.019695029,32.84966346,1.15E-236,1.04E-235,0.579082235
ANK3,0.065986613,4.93E-07,0.2443148,4.25E-64,0.066082638,0.249357704,0.019695029,-9.305651048,1.33E-20,1.62E-20,-0.178328187
ANKRD28,0.529703657,0,0.171316366,6.19E-32,0.589733147,0.173022518,0.019695029,21.15816284,2.32E-99,5.31E-99,0.358387291
ARF1,0.506310982,0,-0.204586015,4.35E-45,0.557756541,-0.207514258,0.019695029,38.85603832,0,0,0.710896997
ARF6,0.297112024,1.70E-118,-0.06640528,5.90E-06,0.306349012,-0.066503147,0.019695029,18.93128265,6.30E-80,1.22E-79,0.363517304
ARHGAP12,0.601567038,0,0.30089755,7.68E-98,0.695599285,0.310506215,0.019695029,19.55280548,3.90E-85,8.05E-85,0.300669488
ARHGAP21,0.406799882,5.31E-230,0.114323808,5.45E-15,0.431770504,0.114825819,0.019695029,16.09262348,2.87E-58,4.68E-58,0.292476074
ARHGAP24,0.425922889,2.86E-254,0.15976351,6.21E-28,0.454905399,0.161144002,0.019695029,14.91550977,2.61E-50,3.98E-50,0.266159379
ARHGAP26,0.207555642,1.91E-57,0.111549789,2.44E-14,0.210615586,0.112015959,0.019695029,5.006320503,5.55E-07,6.10E-07,0.096005853
ARHGAP32,0.327481509,5.34E-145,0.134378315,3.62E-20,0.340004608,0.13519604,0.019695029,10.3989981,2.51E-25,3.18E-25,0.193103194
ARHGAP35,0.410594494,1.08E-234,0.135994037,1.27E-20,0.436326055,0.13684184,0.019695029,15.20608149,3.22E-52,5.01E-52,0.274600457
ARHGAP5,0.546015104,0,0.218584526,2.27E-51,0.612686035,0.222169127,0.019695029,19.82819671,1.70E-87,3.62E-87,0.327430578
ARHGEF12,0.587042437,0,0.273994239,8.54E-81,0.673141313,0.281177182,0.019695029,19.90167835,3.94E-88,8.43E-88,0.313048198
ARHGEF2,0.400800644,1.04E-222,0.036794408,0.012136888,0.424602442,0.036811026,0.019695029,19.68981193,2.64E-86,5.54E-86,0.364006236
ARHGEF6,0.282040625,1.76E-106,0.212217357,1.86E-48,0.28989767,0.215492135,0.019695029,3.777883994,0.000158167,0.000167707,0.069823268
ARHGEF7,0.546078839,0,0.249844505,4.68E-67,0.612776847,0.255246957,0.019695029,18.15330615,1.21E-73,2.19E-73,0.296234334
ARPC2,0.217134223,7.92E-63,-0.270041213,1.90E-78,0.220646559,-0.276908277,0.019695029,25.26296545,8.16E-141,2.52E-140,0.487175436
ARVCF,0.437735967,4.57E-270,0.244093774,5.38E-64,0.46942668,0.249122661,0.019695029,11.18576773,4.79E-29,6.27E-29,0.193642193
ASAP2,0.634221095,0,0.086328372,3.83E-09,0.748446255,0.086543793,0.019695029,33.60759023,1.30E-247,1.40E-246,0.547892723
ASAP3,0.491878341,0,0.048467662,0.000950831,0.538535166,0.048505668,0.019695029,24.88087221,1.20E-136,3.61E-136,0.443410679
BCAR1,0.433460091,3.86E-264,-0.014273912,0.330692477,0.464149459,-0.014274882,0.019695029,24.29162924,2.40E-130,6.75E-130,0.447734003
BCAR3,0.452127336,3.96E-290,0.024874613,0.090018751,0.487370997,0.024879745,0.019695029,23.48263885,6.14E-122,1.56E-121,0.427252723
CALR,0.490787602,0,-0.241200566,1.74E-62,0.537097318,-0.246048448,0.019695029,39.76362611,0,0,0.731988168
CAPN1,0.443320036,9.36E-278,-0.205237082,2.27E-45,0.476355408,-0.208193861,0.019695029,34.75746447,1.07E-264,1.43E-263,0.648557118
CAPN2,0.548106909,0,0.025428663,0.083082966,0.615671243,0.025434146,0.019695029,29.96883627,2.50E-197,1.33E-196,0.522678246
CAPZA1,0.264135106,3.77E-93,-0.100240741,7.49E-12,0.270548461,-0.100578526,0.019695029,18.84368838,3.31E-79,6.39E-79,0.364375847
CASP3,0.316314936,6.87E-135,-0.030295621,0.038930997,0.327547009,-0.030304895,0.019695029,18.16965615,8.98E-74,1.66E-73,0.346610557
CASP8,0.321607554,1.26E-139,-0.017678277,0.228300189,0.333439085,-0.017680119,0.019695029,17.82780847,4.30E-71,7.60E-71,0.339285831
CASS4,0.234439977,3.45E-73,0.03413314,0.020065718,0.238882532,0.034146405,0.019695029,10.39531994,2.60E-25,3.29E-25,0.200306837
CAV1,0.466339411,5.16819753704994e-311,0.021086246,0.150705291,0.505382171,0.021089372,0.019695029,24.58959571,1.63E-133,4.74E-133,0.445253165
CBL,0.46526664,0.00E+00,0.171666695,4.64E-32,0.504012141,0.173383462,0.019695029,16.78741777,3.02E-63,5.17E-63,0.293599945
CBLL1,0.556292588,0,0.041883879,0.004298864,0.627448181,0.041908397,0.019695029,29.73033382,3.11E-194,1.58E-193,0.514408709
CD151,0.454928224,3.31E-294,-0.069011991,2.50E-06,0.490897181,-0.069121865,0.019695029,28.4345379,7.57E-178,3.42E-177,0.523940215
CD2AP,0.506571745,0,0.044052952,0.002670089,0.558107256,0.044081483,0.019695029,26.09926472,3.72E-150,1.27E-149,0.462518793
CD47,0.594398476,0,-0.020999915,0.152384396,0.684440302,-0.021003003,0.019695029,35.81834314,5.72E-281,1.06E-279,0.615398391
CDC42,0.375753092,7.55E-194,-0.121190134,1.14E-16,0.395105294,-0.121788726,0.019695029,26.24489773,8.17E-152,2.84E-151,0.496943226
CDH1,0.144036813,3.78E-28,0.031062919,0.035022367,0.145045491,0.031072916,0.019695029,5.786870144,7.17E-09,7.98E-09,0.112973894
CDH10,0.082027143,8.32E-08,-0.005569791,0.778022996,0.082211861,-0.005569849,0.019695029,4.45704904,8.31E-06,8.98E-06,0.087596934
CDH11,0.471804987,4.3453271177996e-318,0.046720296,0.001445484,0.512389625,0.046754334,0.019695029,23.64227505,1.42E-123,3.67E-123,0.425084691
CDH12,-0.099549472,4.01E-10,-0.120105602,2.33E-10,-0.09988029,-0.120688175,0.019695029,1.056504417,0.290737824,0.294261919,0.02055613
CDH15,0.234949076,3.31E-71,-0.130813503,1.56E-18,0.239421308,-0.131567427,0.019695029,18.83666867,3.78E-79,7.26E-79,0.365762579
CDH18,-0.029112853,0.083814654,-0.047128132,0.018052275,-0.029121082,-0.04716307,0.019695029,0.91606811,0.359631173,0.36289067,0.018015279
CDH19,0.096685295,3.16E-13,-0.037389965,0.033103579,0.096988269,-0.037407403,0.019695029,6.823837272,8.86E-12,1.02E-11,0.13407526
CDH2,0.022369506,0.088868143,0.083637917,1.15E-08,0.022373238,0.083833764,0.019695029,-3.120611079,0.001804762,0.001895568,-0.061268411
CDH20,0.1731319,2.84E-39,0.023297188,0.137369073,0.174893549,0.023301404,0.019695029,7.696974992,1.39E-14,1.62E-14,0.149834712
CDH22,0.004751706,0.725345976,0.080612577,4.56E-07,0.004751742,0.080787878,0.019695029,-3.860676558,0.000113074,0.000120276,-0.075860871
CDH24,0.484236015,0,0.017535031,0.232092682,0.528503092,0.017536829,0.019695029,25.94392041,2.13E-148,7.04E-148,0.466700984
CDH3,0.164967355,4.89E-36,-0.082598081,1.84E-08,0.166488762,-0.082786694,0.019695029,12.65677024,1.03E-36,1.42E-36,0.247565436
CDH4,0.181999798,2.68E-44,0.21860662,7.58E-51,0.184050222,0.22219233,0.019695029,-1.936636305,0.052789817,0.054251689,-0.036606822
CDH5,0.405660305,5.11E-228,0.201472132,9.44E-44,0.430405703,0.204266497,0.019695029,11.48204491,1.62E-30,2.14E-30,0.204188173
CDH6,0.265138376,1.79E-92,0.048611951,0.00091913,0.271627284,0.048650297,0.019695029,11.32148562,1.03E-29,1.35E-29,0.216526425
CDH7,0.006636294,0.692933108,0.059807075,0.001526975,0.006636391,0.059878536,0.019695029,-2.703329093,0.006864874,0.007165212,-0.053170781
CDH8,0.202626037,1.57E-49,0.109394771,3.04E-13,0.205469513,0.109834315,0.019695029,4.855803907,1.20E-06,1.30E-06,0.093231266
CDH9,-0.120471724,5.22E-07,0.059060474,0.05377672,-0.121059672,0.059129288,0.019695029,-9.148956374,5.75E-20,6.96E-20,-0.179532198
CEACAM1,0.175095011,4.22E-41,-0.034429318,0.018934362,0.176918034,-0.034442932,0.019695029,10.73169107,7.23E-27,9.28E-27,0.209524329
CFL1,0.17974399,2.69E-43,-0.342604285,4.19E-128,0.181718119,-0.35704018,0.019695029,27.35503972,9.41E-165,3.83E-164,0.522348275
CGNL1,0.387680949,8.10E-207,0.238394405,4.99E-61,0.409067889,0.243071078,0.019695029,8.428360909,3.51E-17,4.14E-17,0.149286544
CIB1,0.300368586,3.45E-121,-0.052013786,0.000389958,0.309924693,-0.052060769,0.019695029,18.37953441,1.92E-75,3.58E-75,0.352382372
CIB2,0.181764391,3.03E-44,-0.142503998,1.66E-22,0.183806761,-0.143480553,0.019695029,16.61776252,5.18E-62,8.74E-62,0.324268389
CLIP1,0.356042015,7.33E-173,0.210873213,7.45E-48,0.372345985,0.21408502,0.019695029,8.035579171,9.31E-16,1.10E-15,0.145168802
CORO1B,0.539867701,0,-0.156537897,7.11E-27,0.603968864,-0.157835639,0.019695029,38.6800398,0,0,0.696405598
CORO2A,0.076133143,6.46E-09,0.051233576,0.000477377,0.076280752,0.051278474,0.019695029,1.269471522,0.204272941,0.208645756,0.024899567
CRK,0.516519235,0,0.052944917,0.000305761,0.57158074,0.052994471,0.019695029,26.33082034,8.51E-153,2.99E-152,0.463574318
CRKL,0.400985311,6.24E-223,0.055479408,0.000154663,0.424822471,0.055536435,0.019695029,18.75021547,1.93E-78,3.68E-78,0.345505903
CSK,0.272569878,2.65E-99,-0.168683031,5.35E-31,0.279637859,-0.170310813,0.019695029,22.84579901,1.61E-115,3.89E-115,0.441252909
CSNK1E,0.645874442,0,0.067915735,3.60E-06,0.768187782,0.068020446,0.019695029,35.55045986,8.17E-277,1.37E-275,0.577958707
CSNK2A1,0.561031953,0,-0.108937131,9.66E-14,0.634337883,-0.109371155,0.019695029,37.76125644,0,0,0.669969084
CSRP1,0.370419335,5.05E-188,-0.037823199,0.009928271,0.388909035,-0.037841251,0.019695029,21.6679187,4.12E-104,9.62E-104,0.408242534
CTNNA1,0.535849735,0,0.090139763,7.51E-10,0.598315367,0.090385094,0.019695029,25.78977033,1.15E-146,3.75E-146,0.445709972
CTNNA2,0.068925263,8.52E-07,-0.087098556,1.39E-07,0.069034723,-0.087319812,0.019695029,7.938781662,2.04E-15,2.39E-15,0.156023819
CTNNA3,0.012239051,0.359901441,0.097018263,2.76E-10,0.012239662,0.09732439,0.019695029,-4.320111844,1.56E-05,1.68E-05,-0.084779212
CTNNB1,0.710545212,0,0.071349799,1.13E-06,0.888284162,0.071471246,0.019695029,41.47304982,0,0,0.639195413
CTNND1,0.538122342,0,0.075714976,2.38E-07,0.601508823,0.075860161,0.019695029,26.68940798,6.25E-157,2.34E-156,0.462407366
CTNND2,0.191169896,4.39E-48,0.088810872,4.84E-09,0.193551161,0.089045478,0.019695029,5.306195948,1.12E-07,1.23E-07,0.102359024
CTTN,0.629178833,0,0.061208296,2.98E-05,0.740055733,0.061284906,0.019695029,34.46406854,2.77E-260,3.43E-259,0.567970537
CYTH2,0.504071432,0,0.193683593,1.67E-40,0.554749549,0.196161516,0.019695029,18.20703257,4.54E-74,8.42E-74,0.310387839
DBN1,0.468303067,5.70429380866136e-314,-0.145667581,1.87E-23,0.507894492,-0.146711209,0.019695029,33.23710282,3.14E-242,2.99E-241,0.613970648
DEF6,0.202409702,1.15E-54,0.002196945,0.880995723,0.205243926,0.002196949,0.019695029,10.30955469,6.38E-25,7.98E-25,0.200212757
DIAPH1,0.235400346,7.91E-74,-0.05205095,0.000386219,0.239898997,-0.052098034,0.019695029,14.82592547,9.96E-50,1.51E-49,0.287451296
DLC1,0.469090729,4.15518378010875e-315,0.227606702,1.16E-55,0.508903897,0.231663954,0.019695029,14.07664563,5.29E-45,7.78E-45,0.241484027
DLG1,0.458985574,4.14E-300,0.127176382,3.27E-18,0.496025358,0.127868757,0.019695029,18.69286931,5.66E-78,1.07E-77,0.331809192
DLG5,0.583763223,0,0.182627223,3.95E-36,0.668152403,0.184699218,0.019695029,24.54696497,4.66E-133,1.34E-132,0.401136
DNM2,0.298591359,1.03E-119,-0.075892651,2.23E-07,0.307972364,-0.076038863,0.019695029,19.49787576,1.14E-84,2.32E-84,0.37448401
DOCK1,0.584204913,0,0.280307222,1.26E-84,0.668822684,0.288015461,0.019695029,19.33519493,2.72E-83,5.43E-83,0.303897691
DYNC1H1,0.483358584,0,0.132414691,1.27E-19,0.527357531,0.13319684,0.019695029,20.01320698,4.23E-89,9.11E-89,0.350943893
ECT2,0.284070935,4.68E-108,-0.173394723,1.10E-32,0.292104819,-0.175164507,0.019695029,23.72524188,1.98E-124,5.17E-124,0.457465658
EGFR,0.447262272,2.86E-283,0.097147651,3.23E-11,0.481272672,0.097455009,0.019695029,19.4880477,1.39E-84,2.79E-84,0.350114621
ELMO1,0.098822807,4.76E-14,0.194259134,9.69E-41,0.099146405,0.196759558,0.019695029,-4.956233048,7.19E-07,7.84E-07,-0.095436327
ENAH,0.486290806,0,-0.019566498,0.182383501,0.531190784,-0.019568996,0.019695029,27.96440572,4.40E-172,1.86E-171,0.505857304
ENG,0.469526931,8.00445238887804e-316,0.033234199,0.023493576,0.50946331,0.033246443,0.019695029,24.17954648,3.65E-129,1.02E-128,0.436292732
EPB41,0.222861285,3.59E-66,0.146940902,7.67E-24,0.226664923,0.148012382,0.019695029,3.993522499,6.51E-05,6.95E-05,0.075920383
EXOC3,0.575322325,0,0.010166283,0.488446816,0.655442356,0.010166633,0.019695029,32.76338028,1.96E-235,1.68E-234,0.565156042
EZR,0.204839037,5.73E-56,0.032491609,0.026782867,0.207778347,0.03250305,0.019695029,8.899468882,5.61E-19,6.74E-19,0.172347428
FABP3,0.078271575,2.42E-09,-0.128811633,1.20E-18,0.078432007,-0.129531244,0.019695029,10.55917468,4.61E-26,5.87E-26,0.207083208
FAT1,0.523589718,0,0.021703698,0.139104419,0.581272533,0.021707107,0.019695029,28.41150568,1.46E-177,6.49E-177,0.50188602
FBLIM1,0.455231897,1.71E-294,-0.152590976,1.33E-25,0.491280171,-0.153792111,0.019695029,32.75305074,2.75E-235,2.29E-234,0.607822873
FER,0.726643805,0,0.281114074,4.00E-85,0.921579559,0.28889133,0.019695029,32.12425994,2.02E-226,1.53E-225,0.445529731
FERMT1,0.272569148,1.80E-97,-0.036601547,0.013232138,0.279637071,-0.036617905,0.019695029,16.05760401,5.06E-58,8.20E-58,0.309170695
FERMT2,0.49460398,0,0.125650432,8.23E-18,0.542137117,0.126318025,0.019695029,21.11289572,6.05E-99,1.38E-98,0.368953548
FERMT3,0.283961255,5.70E-108,-0.065677339,7.45E-06,0.291985515,-0.065772018,0.019695029,18.16486453,9.79E-74,1.80E-73,0.349638594
FHL2,0.46217893,8.23E-305,-0.140027713,8.88E-22,0.500078549,-0.140953843,0.019695029,32.54792846,2.24E-232,1.82E-231,0.602206643
FLNA,0.4543953,1.95E-293,-0.111732602,2.21E-14,0.490225385,-0.112201079,0.019695029,30.58774206,1.78E-205,1.03E-204,0.566127902
FLNB,0.625790561,0,0.056749856,0.000108729,0.734466919,0.056810896,0.019695029,34.40746522,1.95E-259,2.33E-258,0.569040705
FSCN1,0.232594649,4.48E-72,-0.245733449,7.35E-65,0.236930773,-0.250866965,0.019695029,24.76755631,2.01E-135,5.93E-135,0.478328098
FYN,0.222772597,4.05E-66,0.129059298,1.03E-18,0.226571602,0.129783096,0.019695029,4.914362241,8.91E-07,9.69E-07,0.093713299
GAB1,0.477350649,0,0.218092628,3.84E-51,0.519547439,0.221652606,0.019695029,15.12538187,1.10E-51,1.70E-51,0.259258021
GIT1,0.210383749,5.23E-59,-0.04198971,0.004202111,0.213572834,-0.042014414,0.019695029,12.97724661,1.65E-38,2.30E-38,0.252373459
GIT2,0.525672024,0,0.223397972,1.23E-53,0.584145624,0.22722973,0.019695029,18.12213098,2.13E-73,3.85E-73,0.302274052
GNA12,0.40124043,3.08E-223,-0.061047768,3.13E-05,0.425126506,-0.061123776,0.019695029,24.68898545,1.40E-134,4.11E-134,0.462288198
GRB2,0.313594733,1.72E-132,0.018427839,0.209174293,0.324527254,0.018429925,0.019695029,15.54185726,1.81E-54,2.86E-54,0.295166894
GRB7,0.246243519,8.10E-80,-0.113496893,1.64E-14,0.251409887,-0.113988033,0.019695029,18.55279937,7.74E-77,1.46E-76,0.359740412
HAX1,0.465241904,0.00E+00,-0.237512712,1.37E-60,0.503980571,-0.242136465,0.019695029,37.88352069,0,0,0.702754616
HEG1,0.482197079,0,0.199475851,6.61E-43,0.525843035,0.202186625,0.019695029,16.43340618,1.10E-60,1.84E-60,0.282721228
HRAS,0.135971359,2.49E-25,-0.097947885,2.22E-11,0.136818735,-0.098262931,0.019695029,11.9360914,7.67E-33,1.03E-32,0.233919244
HSPA2,0.055311782,2.51E-05,-0.063689445,1.40E-05,0.055368293,-0.063775771,0.019695029,6.049448502,1.45E-09,1.62E-09,0.119001227
HSPB1,0.230615026,7.49E-71,-0.214999641,1.02E-49,0.234838942,-0.218407443,0.019695029,23.01323781,3.44E-117,8.44E-117,0.445614667
ILK,0.530168255,0,-0.112441673,1.51E-14,0.590379169,-0.112919172,0.019695029,35.70943426,2.82E-279,4.96E-278,0.642609928
ILKAP,0.655488386,0,0.092920104,2.22E-10,0.78486177,0.093188927,0.019695029,35.11915851,3.44E-270,5.47E-269,0.562568282
INPP5D,0.31193489,4.85E-131,0.144856738,3.29E-23,0.322687436,0.145882888,0.019695029,8.977115423,2.78E-19,3.35E-19,0.167078152
INPPL1,0.654698989,0,-0.003328156,0.820585536,0.78347893,-0.003328168,0.019695029,39.9495274,0,0,0.658027145
INSR,0.459791392,2.73E-301,0.224777824,2.70E-54,0.497046723,0.228682536,0.019695029,13.62598595,2.81E-42,3.97E-42,0.235013568
IQGAP1,0.486070632,0,0.048743301,0.000888949,0.530902458,0.048781959,0.019695029,24.47929883,2.45E-132,7.01E-132,0.437327331
IRS1,0.56082954,0,0.073411386,5.46E-07,0.634042543,0.073543691,0.019695029,28.45889965,3.78E-178,1.73E-177,0.487418154
ITGA1,0.399023191,1.41E-220,0.148807215,2.04E-24,0.422486602,0.149920418,0.019695029,13.83933911,1.48E-43,2.12E-43,0.250215976
ITGA10,0.444327721,3.70E-279,0.286999406,9.58E-89,0.477610277,0.295293246,0.019695029,9.257007487,2.10E-20,2.55E-20,0.157328315
ITGA11,0.360897141,8.38E-178,-0.059914066,4.38E-05,0.377917007,-0.059985912,0.019695029,22.23418509,1.60E-109,3.80E-109,0.420811207
ITGA2,0.305400112,2.86E-125,0.139449264,1.33E-21,0.315464446,0.140363874,0.019695029,8.890597374,6.08E-19,7.28E-19,0.165950848
ITGA3,0.553964103,0,0.020014386,0.172573361,0.624082498,0.020017059,0.019695029,30.6709597,1.39E-206,8.14E-206,0.533949717
ITGA4,0.377934193,3.40E-196,0.090908211,5.47E-10,0.397647404,0.091159891,0.019695029,15.5616686,1.33E-54,2.11E-54,0.287025982
ITGA5,0.363205432,2.56E-180,-0.095195149,7.94E-11,0.380573518,-0.095484279,0.019695029,24.17146982,4.44E-129,1.23E-128,0.458400581
ITGA6,0.272969271,1.34E-99,0.003266884,0.823833876,0.280069357,0.003266896,0.019695029,14.05443285,7.24E-45,1.06E-44,0.269702387
ITGA7,0.271600715,1.38E-98,0.149153108,1.60E-24,0.278591213,0.150274163,0.019695029,6.515199869,7.26E-11,8.25E-11,0.122447607
ITGA8,0.344884487,3.70E-161,0.222452538,3.56E-53,0.359625915,0.226234855,0.019695029,6.772828816,1.26E-11,1.44E-11,0.122431949
ITGA9,0.404026571,1.30E-226,0.128833327,1.19E-18,0.428451713,0.129553304,0.019695029,15.17633765,5.07E-52,7.84E-52,0.275193244
ITGAD,0.114492648,1.72E-16,0.071459923,2.37E-06,0.114996898,0.071581934,0.019695029,2.204361519,0.02749893,0.028523734,0.043032725
ITGAE,0.382029467,7.61E-201,-0.05191808,0.000399743,0.402433776,-0.051964804,0.019695029,23.07173962,8.90E-118,2.20E-117,0.433947547
ITGAL,0.257083771,5.55E-88,0.090628036,6.08E-10,0.262983279,0.090877389,0.019695029,8.738544697,2.36E-18,2.81E-18,0.166455735
ITGAM,0.273589508,1.13E-99,0.06495093,9.40E-06,0.280739653,0.065042496,0.019695029,10.95185782,6.51E-28,8.43E-28,0.208638578
ITGAV,0.580760962,0,0.154381798,3.55E-26,0.663610189,0.15562614,0.019695029,25.79250078,1.08E-146,3.52E-146,0.426379164
ITGAX,0.185023416,8.13E-46,0.102647485,2.33E-12,0.187179216,0.103010297,0.019695029,4.273612375,1.92E-05,2.06E-05,0.082375931
ITGB1,0.454355994,2.22E-293,-0.008682603,0.554070402,0.490175853,-0.008682821,0.019695029,25.32916687,1.52E-141,4.80E-141,0.463038597
ITGB1BP1,0.396814294,6.03E-218,-0.118605612,5.03E-16,0.419862149,-0.119166507,0.019695029,27.36876693,6.46E-165,2.66E-164,0.515419906
ITGB2,0.239877521,1.13E-76,-0.0411882,0.004986748,0.244644152,-0.041211515,0.019695029,14.51410241,9.86E-48,1.47E-47,0.281065721
ITGB3,0.419375382,9.69E-246,0.091281917,4.98E-10,0.446933865,0.091536724,0.019695029,18.04501746,8.63E-73,1.55E-72,0.328093465
ITGB3BP,0.639128989,0,-0.000385897,0.979021051,0.756699846,-0.000385897,0.019695029,38.44044836,0,0,0.639514886
ITGB4,0.186021072,2.66E-46,-0.085627227,5.05E-09,0.188212434,-0.085837426,0.019695029,13.91467162,5.16E-44,7.49E-44,0.271648299
ITGB5,0.394611286,2.42E-215,-0.110380342,4.53E-14,0.417250127,-0.110831933,0.019695029,26.81296184,2.28E-158,8.66E-158,0.504991628
ITGB6,-0.025230702,0.057687713,0.0138237,0.351738598,-0.025236058,0.013824581,0.019695029,-1.983273987,0.047336833,0.048948924,-0.039054402
ITGB7,0.256648074,1.23E-87,-0.008903896,0.544015326,0.262516804,-0.008904131,0.019695029,13.78118999,3.31E-43,4.74E-43,0.26555197
ITGB8,0.188267983,2.57E-47,0.017840582,0.224456145,0.190540896,0.017842475,0.019695029,8.768629965,1.81E-18,2.16E-18,0.170427401
JUP,0.404757617,1.68E-227,-0.149146292,1.60E-24,0.429325682,-0.150267192,0.019695029,29.42838395,2.38E-190,1.17E-189,0.553903909
KCNH2,-0.067121455,3.20E-07,-0.056119843,0.000134244,-0.067222529,-0.05617887,0.019695029,-0.560733323,0.574979347,0.576706012,-0.011001612
KEAP1,0.392709071,4.14E-213,-0.133123532,8.08E-20,0.414999068,-0.133918401,0.019695029,27.87086377,6.02E-171,2.51E-170,0.525832603
KRIT1,0.779859126,0,0.302042223,1.31E-98,1.04501091,0.311765321,0.019695029,37.22998282,2.23E-303,4.66E-302,0.477816903
KTN1,0.517859684,0,0.229101559,2.17E-56,0.573410668,0.23324105,0.019695029,17.27185162,7.66E-67,1.33E-66,0.288758125
LASP1,0.399669894,2.37E-221,-0.02372612,0.105877822,0.423256009,-0.023730574,0.019695029,22.69540114,4.97E-114,1.20E-113,0.423396014
LAYN,0.556645494,0,0.000668793,0.963650005,0.627959386,0.000668793,0.019695029,31.85019909,1.31E-222,9.50E-222,0.555976701
LDB3,0.217871805,3.28E-63,0.153534618,7.22E-26,0.221420766,0.154758392,0.019695029,3.384730997,0.00071248,0.000753065,0.064337187
LIMA1,0.577662082,0,0.125275432,1.03E-17,0.658946794,0.125937028,0.019695029,27.06316239,2.67E-161,1.05E-160,0.45238665
LIMK1,0.239058061,3.78E-76,-0.110753232,3.72E-14,0.243774841,-0.111209438,0.019695029,18.0240547,1.26E-72,2.25E-72,0.349811293
LIMS1,0.461201625,2.29E-303,-0.095437729,7.11E-11,0.498836489,-0.095729083,0.019695029,30.18861128,3.34E-200,1.83E-199,0.556639354
LIMS2,0.368749361,3.20E-186,0.099778891,9.34E-12,0.386974867,0.10011201,0.019695029,14.5652417,4.67E-48,7.00E-48,0.26897047
LIN7A,0.334492475,1.44E-151,0.190609052,3.15E-39,0.347878192,0.192969107,0.019695029,7.865390075,3.68E-15,4.30E-15,0.143883423
LMO7,0.263024848,2.34E-92,0.072225652,8.30E-07,0.26935531,0.072351636,0.019695029,10.00271055,1.48E-23,1.83E-23,0.190799196
LPP,0.463985668,1.71E-307,0.045001449,0.002154256,0.502378503,0.045031864,0.019695029,23.22142508,2.77E-119,6.90E-119,0.418984219
LPXN,0.432805488,2.14E-263,0.07908846,6.75E-08,0.463343691,0.079253981,0.019695029,19.50186067,1.06E-84,2.16E-84,0.353717028
LRP1,0.58561291,0,0.057740444,8.22E-05,0.670962884,0.057804741,0.019695029,31.13263482,8.72E-213,5.82E-212,0.527872466
LYN,0.305282058,2.55E-125,-0.019069549,0.19374534,0.315334254,-0.019071861,0.019695029,16.97921422,1.17E-64,2.02E-64,0.324351607
MACF1,0.519554837,0,0.255241059,5.31E-70,0.575729802,0.261011158,0.019695029,15.97959796,1.77E-57,2.86E-57,0.264313778
MAGI1,0.486874638,0,0.246068294,4.89E-65,0.531955726,0.25122336,0.019695029,14.25397073,4.24E-46,6.26E-46,0.240806344
MAPK1,0.342309352,4.26E-159,0.136844846,7.31E-21,0.356706063,0.137708783,0.019695029,11.11941905,1.01E-28,1.32E-28,0.205464506
MAPK8,0.683566006,0,0.22254234,3.14E-53,0.835777388,0.226329334,0.019695029,30.94425784,3.04E-210,1.84E-209,0.461023666
MAPK8IP3,0.435380079,7.26E-267,0.364227002,9.57E-146,0.466516079,0.381750835,0.019695029,4.303890298,1.68E-05,1.80E-05,0.071153077
MARCKS,0.221659664,1.84E-65,-0.010535937,0.472774086,0.225400858,-0.010536327,0.019695029,11.97952972,4.55E-33,6.10E-33,0.232195601
MET,0.39327227,1.72E-212,0.02563584,0.080603325,0.415665135,0.025641458,0.019695029,19.80315329,2.80E-87,5.91E-87,0.36763643
MMP14,0.489898158,0,-0.152088455,1.92E-25,0.535926325,-0.153277651,0.019695029,34.99380369,2.80E-268,3.89E-267,0.641986613
MPP7,0.272723482,2.03E-99,0.045049493,0.00213783,0.279803799,0.045080005,0.019695029,11.91792071,9.55E-33,1.27E-32,0.227673989
MSN,0.418352978,1.79E-244,-0.027432517,0.061526578,0.445693915,-0.027439401,0.019695029,24.02298155,1.60E-127,4.24E-127,0.445785495
MYH10,0.497246151,0,0.070256625,1.64E-06,0.545641058,0.070372564,0.019695029,24.13139354,1.17E-128,3.18E-128,0.426989526
MYH9,0.524149565,0,-0.085814502,4.67E-09,0.582044139,-0.086026087,0.019695029,33.92075376,3.29E-252,3.67E-251,0.609964067
MYO6,0.338337508,3.04E-155,0.216816836,1.49E-50,0.352213931,0.220313491,0.019695029,6.697143737,2.13E-11,2.42E-11,0.121520672
MYO7A,0.312888605,7.91E-132,0.072185009,8.42E-07,0.323744302,0.07231078,0.019695029,12.7663444,2.53E-37,3.52E-37,0.240703596
MYOM1,0.200615566,1.03E-53,0.155874135,1.18E-26,0.203373851,0.157155275,0.019695029,2.34671275,0.01893985,0.019706884,0.044741431
NCK2,0.429674006,3.23E-259,-0.010588376,0.470573428,0.459496806,-0.010588772,0.019695029,23.86823496,6.55E-126,1.72E-125,0.440262382
NDEL1,0.333619653,9.68E-151,0.0263731,0.072262479,0.346895735,0.026379217,0.019695029,16.27398053,1.51E-59,2.48E-59,0.307246553
NEDD9,0.362342215,2.08E-179,0.141944945,2.43E-22,0.379579481,0.142909958,0.019695029,12.01671366,2.90E-33,3.91E-33,0.22039727
NEXN,0.301640199,3.00E-122,0.010941789,0.455938778,0.311322998,0.010942226,0.019695029,15.2516035,1.61E-52,2.51E-52,0.29069841
NF2,0.22488692,2.23E-67,-0.022283094,0.128855504,0.22879744,-0.022286783,0.019695029,12.74860901,3.17E-37,4.40E-37,0.247170014
NISCH,0.668483765,0,0.298329293,3.93E-96,0.807996893,0.307684671,0.019695029,25.40296961,2.34E-142,7.44E-142,0.370154472
NME1,0.107103157,2.91E-16,-0.290464211,5.23E-91,0.107515529,-0.299073174,0.019695029,20.64422979,1.10E-94,2.45E-94,0.397567368
NRP1,0.540659163,0,0.138941618,1.83E-21,0.605086566,0.139846198,0.019695029,23.62222317,2.28E-123,5.85E-123,0.401717545
NRP2,0.465162096,0.00E+00,0.062015294,2.34E-05,0.503878722,0.062094979,0.019695029,22.43123093,1.95E-111,4.66E-111,0.403146802
NUDT16L1,0.291023213,1.49E-113,-0.007848189,0.592781802,0.299683793,-0.00784835,0.019695029,15.61470887,5.78E-55,9.24E-55,0.298871402
NUMB,0.582467325,0,0.140559366,6.21E-22,0.666188851,0.14149617,0.019695029,26.64086872,2.28E-156,8.38E-156,0.441907959
OSTF1,0.179863447,2.36E-43,-0.017460603,0.234080732,0.181841567,-0.017462378,0.019695029,10.11950504,4.53E-24,5.64E-24,0.19732405
PABPC1,0.441336016,5.24E-275,-0.213651075,4.18E-49,0.47388878,-0.216993947,0.019695029,35.079041,1.41E-269,2.14E-268,0.654987091
PAK1,0.290465274,4.18E-113,0.022799577,0.120222871,0.299074335,0.022803529,0.019695029,14.02743846,1.06E-44,1.54E-44,0.267665697
PALLD,0.391492331,1.09E-211,0.091112997,4.92E-10,0.413561277,0.091366388,0.019695029,16.35919859,3.74E-60,6.18E-60,0.300379334
PARD3,0.443505311,5.17E-278,-0.120206803,2.02E-16,0.476586026,-0.120790858,0.019695029,30.33135345,4.43E-202,2.46E-201,0.563712114
PARVA,0.524834985,0,-0.051099328,0.000493335,0.582989666,-0.051143874,0.019695029,32.19764451,1.90E-227,1.51E-226,0.575934313
PARVB,0.142883785,7.96E-28,-0.17910221,8.60E-35,0.143868234,-0.181054991,0.019695029,16.4977277,3.81E-61,6.39E-61,0.321985995
PDE4D,0.321922282,6.53E-140,0.148885989,1.93E-24,0.33379016,0.150000977,0.019695029,9.331754932,1.04E-20,1.27E-20,0.173036293
PDPK1,0.500720273,0,0.228675495,3.51E-56,0.55026697,0.232791431,0.019695029,16.1195772,1.86E-58,3.04E-58,0.272044778
PDZD2,0.113811319,3.55E-18,0.092603102,2.55E-10,0.114306574,0.092869173,0.019695029,1.088467582,0.27638874,0.280589177,0.021208217
PEAK1,0.551462291,0,0.194915744,5.21E-41,0.620480211,0.197442008,0.019695029,21.47944054,2.42E-102,5.62E-102,0.356546547
PFN1,0.245392166,2.90E-80,-0.344662577,1.01E-129,0.250503781,-0.359374068,0.019695029,30.9660804,1.54E-210,9.55E-210,0.590054743
PIK3CA,0.628230533,0,0.118356274,5.79E-16,0.738487596,0.118913619,0.019695029,31.45839384,3.22E-217,2.29E-216,0.509874259
PIP5K1C,0.447233191,3.14E-283,0.058785218,6.09E-05,0.48123632,0.058853073,0.019695029,21.44618562,4.96E-102,1.14E-101,0.388447973
PKD1,0.472110714,9.26274272823169e-320,0.161853776,1.22E-28,0.512782967,0.163289757,0.019695029,17.74524987,1.88E-70,3.30E-70,0.310256938
PKP4,0.327223125,9.26E-145,0.224489311,3.71E-54,0.339715213,0.228378691,0.019695029,5.653026594,1.58E-08,1.75E-08,0.102733814
PLAUR,0.355857958,1.13E-172,-0.185181083,4.08E-37,0.372135224,-0.187342477,0.019695029,28.4070515,1.65E-177,7.27E-177,0.541039041
PLCG1,0.687480983,0,0.220026869,4.82E-52,0.843163416,0.223684345,0.019695029,31.45357507,3.75E-217,2.61E-216,0.467454114
PLD1,0.298263391,1.92E-119,-0.066716756,5.33E-06,0.307612332,-0.066816009,0.019695029,19.01131209,1.37E-80,2.69E-80,0.364980147
PLEC,0.462676368,1.51E-305,-0.099419514,1.11E-11,0.500711293,-0.099749033,0.019695029,30.48791284,3.77E-204,2.13E-203,0.562095882
PLEKHA7,0.367159773,1.62E-184,0.135390486,1.89E-20,0.385136362,0.136226968,0.019695029,12.63818375,1.30E-36,1.79E-36,0.231769287
PPFIA1,0.629241453,0,0.12824251,1.71E-18,0.740159393,0.128952561,0.019695029,31.03355844,1.90E-211,1.20E-210,0.500998943
PPM1F,0.442525991,1.18E-276,0.117111086,1.17E-15,0.475367567,0.117650928,0.019695029,18.16278819,1.02E-73,1.86E-73,0.325414905
PPM1M,0.499075338,0,0.114764557,4.28E-15,0.548074021,0.115272428,0.019695029,21.97516919,4.98E-107,1.17E-106,0.384310781
PPP2CA,0.276349303,3.92E-102,0.065553696,7.75E-06,0.283725181,0.06564784,0.019695029,11.07270985,1.70E-28,2.21E-28,0.210795607
PRKACA,0.206559518,6.68E-57,-0.031679696,0.030826992,0.209574842,-0.0316903,0.019695029,12.25005272,1.68E-34,2.29E-34,0.238239214
PRKCA,0.209273324,2.16E-58,0.013902518,0.343430757,0.212411267,0.013903414,0.019695029,10.07908411,6.84E-24,8.49E-24,0.195370806
PRKCD,0.223846027,9.34E-67,0.016299174,0.266675051,0.22770137,0.016300618,0.019695029,10.73371121,7.07E-27,9.12E-27,0.207546853
PRKD1,0.570421336,0,0.151658516,2.65E-25,0.648147176,0.152837561,0.019695029,25.1489661,1.45E-139,4.44E-139,0.41876282
PRNP,0.354137544,6.53E-171,0.027571421,0.060222244,0.370166734,0.027578411,0.019695029,17.39465954,9.06E-68,1.58E-67,0.326566123
PSEN1,0.328016388,1.71E-145,0.053388959,0.000271905,0.340603859,0.053439772,0.019695029,14.5805364,3.74E-48,5.62E-48,0.274627429
PTEN,0.475077295,0,0.119519234,2.99E-16,0.516607324,0.120093267,0.019695029,20.13269736,3.82E-90,8.33E-90,0.355558061
PTK2,0.501144838,0,0.025652621,0.080405135,0.550833762,0.02565825,0.019695029,26.66538413,1.19E-156,4.40E-156,0.475492217
PTK2B,0.051975834,7.51E-05,0.173228453,1.27E-32,0.052022714,0.174993088,0.019695029,-6.243726482,4.27E-10,4.82E-10,-0.121252619
PTPN1,0.463855902,2.67E-307,-0.051490307,0.000446349,0.502213149,-0.051535884,0.019695029,28.11618276,6.21E-174,2.66E-173,0.515346209
PTPN11,0.285020891,8.48E-109,0.192765361,3.94E-40,0.293138465,0.195207671,0.019695029,4.972361023,6.61E-07,7.24E-07,0.09225553
PTPN12,0.535973615,0,0.066101517,6.50E-06,0.59848916,0.066198045,0.019695029,27.02667345,7.18E-161,2.76E-160,0.469872098
PTPN14,0.489499002,0,-0.040765972,0.005451305,0.535401255,-0.040788577,0.019695029,29.25559713,3.81E-188,1.82E-187,0.530264974
PTPN2,0.573185086,0,-0.037774425,0.010024288,0.652253549,-0.037792407,0.019695029,35.03655459,6.25E-269,9.07E-268,0.610959511
PTPN6,0.209270395,2.22E-58,0.007676143,0.600915183,0.212408204,0.007676294,0.019695029,10.39510583,2.61E-25,3.29E-25,0.201594252
PTPRA,0.430608462,1.85E-260,0.129413941,8.30E-19,0.460643409,0.130143762,0.019695029,16.78086624,3.37E-63,5.74E-63,0.301194521
PTPRF,0.324475398,3.10E-142,-0.062101261,2.28E-05,0.336641078,-0.062181279,0.019695029,20.24989953,3.56E-91,7.82E-91,0.386576659
PTPRH,0.153657353,1.17E-31,-0.079088662,7.34E-08,0.154884092,-0.079254184,0.019695029,11.88819152,1.36E-32,1.81E-32,0.232746015
PTPRJ,0.207878562,1.27E-57,0.1451346,2.72E-23,0.210953067,0.146166717,0.019695029,3.28947728,0.001003737,0.001057565,0.062743962
PTPRK,0.488569596,0,0.054972847,0.000177639,0.534179711,0.055028324,0.019695029,24.32854446,9.78E-131,2.77E-130,0.433596749
PTPRM,0.512270175,0,0.27141004,2.96E-79,0.565802806,0.278385363,0.019695029,14.5934004,3.09E-48,4.68E-48,0.240860135
PTPRO,0.168445913,3.83E-38,0.063669398,1.42E-05,0.170066761,0.063755642,0.019695029,5.397865573,6.74E-08,7.46E-08,0.104776515
PTPRT,-0.045022477,0.000986605,0.102483813,2.06E-11,-0.045052935,0.102844885,0.019695029,-7.509398424,5.94E-14,6.89E-14,-0.14750629
PTPRU,0.49661211,0,-0.043517216,0.003009077,0.544799107,-0.043544717,0.019695029,29.87270677,4.45E-196,2.32E-195,0.540129326
PVR,0.55067984,0,-0.172177871,3.04E-32,0.619356518,-0.173910207,0.019695029,40.27751001,0,0,0.722857711
PXN,0.444689574,1.16E-279,-0.036941615,0.011796285,0.478061233,-0.036958433,0.019695029,26.14972886,9.93E-151,3.42E-150,0.481631189
RAC1,0.315406616,4.37E-134,-0.193270108,2.46E-40,0.326538024,-0.195731951,0.019695029,26.51785771,6.03E-155,2.14E-154,0.508676724
RACGAP1,0.174199426,9.84E-41,-0.216515037,2.06E-50,0.175994273,-0.219996827,0.019695029,20.10614461,6.52E-90,1.41E-89,0.390714463
RAP1A,0.391766573,5.22E-212,0.086342788,3.75E-09,0.4138852,0.086558317,0.019695029,16.61977165,5.01E-62,8.50E-62,0.305423785
RAPGEF1,0.286660741,4.38E-110,0.057301659,9.31E-05,0.294924221,0.057364499,0.019695029,12.06191282,1.68E-33,2.27E-33,0.229359082
RAPGEF2,0.567225556,0,0.328972971,1.11E-117,0.643422748,0.341676151,0.019695029,15.32095218,5.54E-53,8.73E-53,0.238252585
RASA1,0.730017296,0,0.309394107,1.28E-103,0.928764394,0.319875239,0.019695029,30.9158802,7.31E-210,4.36E-209,0.420623189
RAVER1,0.602529407,0,-0.137930557,3.58E-21,0.697108794,-0.138815382,0.019695029,42.44340937,0,0,0.740459964
RDX,0.474141309,6.91691904177745e-323,0.106590816,3.24E-13,0.515399204,0.106997271,0.019695029,20.73629513,1.63E-95,3.68E-95,0.367550493
RHOA,0.439099082,6.26E-272,-0.108578506,1.16E-13,0.471114143,-0.109008238,0.019695029,29.45526929,1.08E-190,5.37E-190,0.547677588
RHOU,0.277891059,2.77E-103,0.158559909,1.54E-27,0.285395186,0.159909119,0.019695029,6.37145892,1.87E-10,2.12E-10,0.11933115
RNF185,0.594568351,0,0.072281494,8.14E-07,0.684703026,0.072407771,0.019695029,31.08882233,3.41E-212,2.23E-211,0.522286857
RNF5,0.45993344,1.69E-301,-0.148549481,2.46E-24,0.497226867,-0.149656858,0.019695029,32.84502537,1.34E-236,1.18E-235,0.608482921
ROCK1,0.60981872,0,0.194213725,1.01E-40,0.708632702,0.196712369,0.019695029,25.99236259,6.04E-149,2.02E-148,0.415604995
SCRIB,0.448339355,8.63E-285,-0.174253495,5.36E-33,0.482619911,-0.176050035,0.019695029,33.44346173,3.20E-245,3.15E-244,0.62259285
SDC1,0.237487781,4.01E-75,-0.068623772,2.84E-06,0.242110044,-0.068731799,0.019695029,15.78275633,4.09E-56,6.57E-56,0.306111553
SDC4,0.258387808,4.39E-89,0.06832515,3.14E-06,0.264380104,0.06843177,0.019695029,9.949126503,2.54E-23,3.14E-23,0.190062658
SDCBP,0.298778613,7.20E-120,-0.076961811,1.50E-07,0.30817796,-0.077114305,0.019695029,19.56291946,3.20E-85,6.64E-85,0.375740424
SH2B1,0.664060451,0,0.292614428,2.16E-92,0.80004236,0.301423127,0.019695029,25.3170094,2.08E-141,6.48E-141,0.371446023
SH3BP1,0.202649343,8.60E-55,-0.168472336,6.35E-31,0.205493817,-0.170093955,0.019695029,19.07018132,4.47E-81,8.78E-81,0.371121679
SH3KBP1,0.138386675,3.46E-26,-0.056465585,0.000117723,0.139280375,-0.056525711,0.019695029,9.941903966,2.74E-23,3.36E-23,0.19485226
SHARPIN,0.475110625,0,-0.237765255,1.02E-60,0.51665037,-0.242404123,0.019695029,38.54041016,0,0,0.71287588
SHC1,0.561460507,0,-0.071869822,9.40E-07,0.634963507,-0.071993949,0.019695029,35.89522302,3.63E-282,7.13E-281,0.633330329
SHROOM3,0.393278961,6.16E-213,0.037812305,0.009949647,0.41567305,0.037830341,0.019695029,19.18467397,4.97E-82,9.82E-82,0.355466656
SIPA1L3,0.374828167,7.88E-193,-0.012627776,0.389495971,0.394028744,-0.012628447,0.019695029,20.64770723,1.02E-94,2.29E-94,0.387455943
SIRPA,-0.025461391,0.05254474,-0.037167133,0.011290915,-0.025466895,-0.037184261,0.019695029,0.594940287,0.551883386,0.555207985,0.011705742
SLC16A3,0.246056259,1.06E-80,-0.15350423,6.79E-26,0.251210549,-0.15472727,0.019695029,20.61118168,2.18E-94,4.82E-94,0.399560489
SLC3A2,0.419356433,9.30E-246,-0.130275624,4.86E-19,0.446910872,-0.131020222,0.019695029,29.34400842,2.85E-189,1.38E-188,0.549632057
SLC9A1,0.377813923,3.96E-196,-0.076560738,1.74E-07,0.397507101,-0.076710854,0.019695029,24.07805323,4.25E-128,1.13E-127,0.454374661
SMPX,0.059461686,2.91E-05,-0.208444363,2.51E-29,0.059531914,-0.211544496,0.019695029,13.76369697,4.21E-43,6.02E-43,0.267906049
SORBS1,0.14625071,4.36E-29,0.140634232,5.97E-22,0.147307032,0.141572546,0.019695029,0.291164114,0.770925807,0.770925807,0.005616478
SORBS2,0.318139409,1.64E-136,0.266469209,2.33E-76,0.329575629,0.273059291,0.019695029,2.869573731,0.004110255,0.004303527,0.0516702
SORBS3,0.586058486,0,0.085814117,4.67E-09,0.671641292,0.086025699,0.019695029,29.73418292,2.78E-194,1.43E-193,0.500244369
SOS1,0.692046812,0,0.102265508,2.81E-12,0.851873211,0.102624267,0.019695029,38.0425409,0,0,0.589781304
SPTBN1,0.396270281,2.66E-217,0.154688459,2.83E-26,0.419216631,0.155940304,0.019695029,13.36765378,9.34E-41,1.31E-40,0.241581822
SPTLC1,0.603177405,0,0.03838401,0.008881693,0.69812675,0.038402877,0.019695029,33.49697403,5.33E-246,5.40E-245,0.564793395
SRC,0.536392248,0,-0.060801665,3.37E-05,0.599076709,-0.060876756,0.019695029,33.50863143,3.61E-246,3.77E-245,0.597193913
SRCIN1,0.048455224,0.000225362,0.28365052,1.11E-86,0.0484932,0.291647559,0.019695029,-12.34597621,5.12E-35,7.01E-35,-0.235195296
SSH1,0.560859942,0,0.129904179,6.12E-19,0.634086896,0.130642383,0.019695029,25.56200932,4.04E-144,1.30E-143,0.430955763
SSX2IP,0.267370743,1.74E-95,0.003585699,0.806966059,0.274029983,0.003585714,0.019695029,13.7316005,6.57E-43,9.33E-43,0.263785044
STARD13,0.565085198,0,0.254842532,8.81E-70,0.640272693,0.260584904,0.019695029,19.2783565,8.16E-83,1.62E-82,0.310242666
STAT3,0.43927459,3.60E-272,0.019903522,0.174964092,0.471331594,0.019906151,0.019695029,22.92078091,2.88E-116,7.03E-116,0.419371068
SVIL,0.402708208,5.19E-225,0.102863203,2.09E-12,0.426877162,0.103228317,0.019695029,16.43302207,1.11E-60,1.84E-60,0.299845005
SYK,0.147180825,2.43E-29,0.026403256,0.07193695,0.148257609,0.026409394,0.019695029,6.186749709,6.14E-10,6.88E-10,0.120777569
SYNM,0.108206493,1.43E-16,0.145730178,1.79E-23,0.108631802,0.146775164,0.019695029,-1.936699973,0.052782029,0.054251689,-0.037523685
TES,0.384101663,3.45E-203,0.018879657,0.198221368,0.404862338,0.018881901,0.019695029,19.59786092,1.61E-85,3.37E-85,0.365222006
TESK1,0.450624277,4.95E-288,-0.086328141,3.78E-09,0.485483347,-0.08654356,0.019695029,29.04422781,1.82E-185,8.44E-185,0.536952418
TGFB1I1,0.516630753,0,-0.019733937,0.178668779,0.571732848,-0.019736499,0.019695029,30.0314028,3.82E-198,2.06E-197,0.53636469
THY1,0.234276298,5.33E-73,0.001046504,0.943149291,0.238709341,0.001046504,0.019695029,12.06714837,1.57E-33,2.14E-33,0.233229794
TIAM1,0.119034862,9.52E-20,0.153286154,7.97E-26,0.119601904,0.154503939,0.019695029,-1.772124078,0.076373963,0.078248171,-0.034251292
TJP1,0.485622688,0,0.189327416,9.50E-39,0.530316108,0.191639488,0.019695029,17.19604582,2.84E-66,4.92E-66,0.296295272
TJP2,0.461467184,9.28E-304,0.144569783,4.02E-23,0.499173848,0.145589795,0.019695029,17.95295932,4.55E-72,8.08E-72,0.316897401
TLN1,0.470654557,1.54689977450311e-317,-0.011872539,0.418479665,0.510910814,-0.011873097,0.019695029,26.54395241,3.02E-155,1.08E-154,0.482527096
TNS1,0.400503604,2.37E-222,0.139041913,1.71E-21,0.424248603,0.139948469,0.019695029,14.43512143,3.11E-47,4.62E-47,0.261461691
TRIO,0.654143408,0,0.100524455,6.54E-12,0.78250718,0.100865128,0.019695029,34.60985278,1.80E-262,2.31E-261,0.553618953
TRIOBP,0.572478895,0,0.039622466,0.006911814,0.651202456,0.039643221,0.019695029,31.05145148,1.09E-211,7.00E-211,0.532856429
TRIP6,0.632416265,0,-0.153472869,6.95E-26,0.745432712,-0.154695152,0.019695029,45.70330248,0,0,0.785889134
TRPC4,0.308733799,7.26E-123,0.176584589,1.66E-33,0.319145197,0.178455139,0.019695029,7.14342983,9.10E-13,1.05E-12,0.13214921
TRPM7,0.744186557,0,0.275471328,1.11E-81,0.959797564,0.282774861,0.019695029,34.3753089,5.90E-259,6.79E-258,0.468715229
TRPV4,0.296093207,2.67E-117,-0.154485227,3.29E-26,0.305231921,-0.155732096,0.019695029,23.40509469,3.79E-121,9.52E-121,0.450578434
TSPAN1,0.246906635,8.45E-81,0.081324242,2.87E-08,0.25211593,0.08150424,0.019695029,8.662677831,4.61E-18,5.46E-18,0.165582393
TUBA1B,0.3082029,8.20E-128,-0.305033034,1.25E-100,0.318558469,-0.31505966,0.019695029,32.17147488,4.42E-227,3.44E-226,0.613235934
VASP,0.319539405,9.17E-138,-0.130577123,4.03E-19,0.331134052,-0.131326939,0.019695029,23.48110241,6.36E-122,1.61E-121,0.450116528
VAV1,0.192099509,7.15E-49,-0.015347,0.295627616,0.194516214,-0.015348205,0.019695029,10.65570506,1.64E-26,2.10E-26,0.207446509
VAV2,0.52419834,0,0.106312039,3.73E-13,0.582111393,0.106715299,0.019695029,24.13787232,1.00E-128,2.74E-128,0.417886301
VAV3,0.052836425,5.69E-05,0.076321093,1.91E-07,0.052885675,0.076469801,0.019695029,-1.197465911,0.231125007,0.235352903,-0.023484668
VCL,0.443674425,3.01E-278,-0.037016151,0.01162708,0.476796569,-0.037033071,0.019695029,26.08930618,4.82E-150,1.63E-149,0.480690576
VEZT,0.676889216,0,0.258444431,8.77E-72,0.823350225,0.264440779,0.019695029,28.37819876,3.76E-177,1.63E-176,0.418444785
VIM,0.487530503,0,-1.18E-05,0.999360258,0.532815726,-1.18E-05,0.019695029,27.05390929,3.44E-161,1.33E-160,0.487542303
WASF2,0.495126553,0,-0.073907803,4.58E-07,0.542829168,-0.074042816,0.019695029,31.32120222,2.40E-215,1.64E-214,0.569034356
WASL,0.573186388,0,0.116020129,2.14E-15,0.652255488,0.116544944,0.019695029,27.20029232,6.44E-163,2.59E-162,0.457166259
WIPF2,0.379139287,1.33E-197,0.097110362,3.29E-11,0.399054058,0.097417365,0.019695029,15.31537193,6.04E-53,9.47E-53,0.282028925
ZFYVE21,0.489756831,0,0.150317916,6.92E-25,0.535740385,0.151465686,0.019695029,19.51125338,8.81E-85,1.81E-84,0.339438915
ZYX,0.377432756,1.05E-195,-0.226867387,2.66E-55,0.397062539,-0.230884385,0.019695029,31.88352383,4.52E-223,3.35E-222,0.604300143
