gene,p.value_high,hr_high,p.value_low,hr_low,direction,diff,signif,nucl_bin
ADD1,0.002437461,0.162652151,0.000198773,2.308478063,-1,-2.145825911,Both,Nuclear-localized
CLIP1,0.001136112,0.157724713,0.00178509,1.914927612,-1,-1.757202898,Both,Nuclear-localized
PRKACA,0.008002928,0.195275947,0.001514067,1.931304152,-1,-1.736028205,Both,Nuclear-localized
SDCBP,0.004457361,0.227965611,0.044856868,1.428857989,-1,-1.200892378,Both,Nuclear-localized
LRP1,0.00719815,0.384380468,0.044452669,1.34925353,-1,-0.964873062,Both,Nuclear-localized
ITGA8,0.004049138,0.578331327,0.011336674,1.231802909,-1,-0.653471582,Both,Non-nuclear-localized
SHROOM3,0.031855371,1.620840042,1.10E-06,0.674101922,-1,0.94673812,Both,Non-nuclear-localized
SVIL,0.046596554,1.762417554,0.029946939,0.767147281,-1,0.995270273,Both,Nuclear-localized
ITGAL,0.023317804,1.999504455,0.006998604,0.685363531,-1,1.314140924,Both,Non-nuclear-localized
PTPN2,0.043684356,2.715427253,0.00254734,0.542258916,-1,2.173168337,Both,Nuclear-localized
PTPN11,0.000322238,13.67403638,0.001604238,0.410194619,-1,13.26384176,Both,Nuclear-localized
CDH24,0.000635644,0.34741706,0.047369438,0.795753093,1,-0.448336033,Both,Non-nuclear-localized
RAPGEF2,0.015593075,0.270507653,0.049933072,0.657184082,1,-0.386676428,Both,Non-nuclear-localized
ITGB7,0.000493704,0.440466748,0.009350939,0.777816404,1,-0.337349656,Both,Non-nuclear-localized
PTPRH,0.006546777,1.373902884,0.004012063,1.171060666,1,0.202842217,Both,Non-nuclear-localized
MET,7.92E-05,2.052275288,2.40E-05,1.358724943,1,0.693550345,Both,Non-nuclear-localized
GAB1,0.000552577,3.932098509,0.00194777,1.692195785,1,2.239902724,Both,Non-nuclear-localized
ITGB1,0.236125872,0.440062786,0.090279737,1.523443862,-1,-1.083381075,None,Non-nuclear-localized
ROCK1,0.120591396,0.379942865,0.215644178,1.309717896,-1,-0.929775031,None,Non-nuclear-localized
NUMB,0.797175492,0.838274386,0.093118265,1.712528171,-1,-0.874253785,None,Nuclear-localized
SSH1,0.382168128,0.589533366,0.18176123,1.45850707,-1,-0.868973704,None,Non-nuclear-localized
HAX1,0.086902996,0.319996587,0.653937,1.117506456,-1,-0.797509869,None,Nuclear-localized
ZFYVE21,0.12169825,0.436423738,0.413384461,1.19340544,-1,-0.756981702,None,Non-nuclear-localized
LIMS1,0.075130527,0.420130188,0.569654966,1.126001234,-1,-0.705871046,None,Non-nuclear-localized
TRIO,0.075128225,0.519369658,0.251617435,1.22190514,-1,-0.702535482,None,Non-nuclear-localized
CAPZA1,0.17773832,0.33211238,0.967911824,1.01083056,-1,-0.67871818,None,Non-nuclear-localized
TLN1,0.408577163,0.574517465,0.572906538,1.187271257,-1,-0.612753792,None,Non-nuclear-localized
CIB1,0.566915047,0.768736542,0.095609781,1.368061275,-1,-0.599324733,None,Nuclear-localized
MACF1,0.197331945,0.552132951,0.511658336,1.127074159,-1,-0.574941209,None,Non-nuclear-localized
KRIT1,0.171695837,0.499960995,0.743584863,1.074105369,-1,-0.574144374,None,Non-nuclear-localized
ECT2,0.10131142,0.508830765,0.696047274,1.080811501,-1,-0.571980737,None,Nuclear-localized
TRIOBP,0.088584658,0.439865614,0.997321909,1.000710604,-1,-0.56084499,None,Nuclear-localized
TGFB1I1,0.458316357,0.75377287,0.189175869,1.230724305,-1,-0.476951435,None,Nuclear-localized
FLNB,0.289229306,0.70234462,0.288000323,1.17386619,-1,-0.47152157,None,Nuclear-localized
PTPN14,0.291354474,0.717292004,0.281016349,1.175214594,-1,-0.45792259,None,Nuclear-localized
MYH10,0.247314748,0.726842554,0.196028921,1.167558881,-1,-0.440716327,None,Nuclear-localized
MAPK8IP3,0.319970812,0.648152898,0.614756952,1.082493538,-1,-0.434340641,None,Non-nuclear-localized
ARVCF,0.305112781,0.716887491,0.356832228,1.129363457,-1,-0.412475966,None,Nuclear-localized
RNF5,0.342090185,0.638541595,0.822396102,1.045407913,-1,-0.406866318,None,Non-nuclear-localized
SPTLC1,0.51020488,0.661084721,0.787809416,1.067544394,-1,-0.406459673,None,Non-nuclear-localized
PTPN12,0.587377315,0.736464944,0.588612807,1.135747095,-1,-0.399282151,None,Nuclear-localized
EPB41,0.347672539,0.671423872,0.718131706,1.058757619,-1,-0.387333748,None,Nuclear-localized
ILKAP,0.745419065,0.83487162,0.464869446,1.203172893,-1,-0.368301273,None,Nuclear-localized
ENAH,0.319824394,0.721314141,0.576384472,1.086471328,-1,-0.365157188,None,Non-nuclear-localized
OSTF1,0.778995336,0.853055897,0.544839706,1.155986685,-1,-0.302930787,None,Non-nuclear-localized
SRCIN1,0.27261801,0.842340478,0.052790353,1.12743151,-1,-0.285091032,None,Non-nuclear-localized
CDH11,0.453627969,0.833509653,0.408470366,1.0877923,-1,-0.254282646,None,Non-nuclear-localized
INSR,0.812729363,0.927936281,0.272499323,1.17276325,-1,-0.24482697,None,Nuclear-localized
MYOM1,0.728534985,0.939792659,0.090814398,1.128372069,-1,-0.18857941,None,Non-nuclear-localized
WASF2,0.935108723,0.954226343,0.599562161,1.132494375,-1,-0.178268032,None,Non-nuclear-localized
CIB2,0.638295018,0.921299032,0.405828442,1.076628218,-1,-0.155329186,None,Non-nuclear-localized
AJAP1,0.209474058,0.878661207,0.551337689,1.023277518,-1,-0.144616311,None,Non-nuclear-localized
ITGA7,0.712597167,0.913204902,0.696325849,1.036027228,-1,-0.122822326,None,Non-nuclear-localized
ITGB8,0.576357087,0.916522794,0.80626942,1.017559834,-1,-0.10103704,None,Non-nuclear-localized
CDH15,0.582629964,0.939685631,0.546790494,1.031229833,-1,-0.091544202,None,Non-nuclear-localized
HSPB1,0.934983073,1.021506315,0.799351167,0.971832744,-1,0.049673571,None,Nuclear-localized
ITGAE,0.916220838,1.038579594,0.866849329,0.973199383,-1,0.065380211,None,Non-nuclear-localized
TRPV4,0.762498941,1.058790109,0.725883596,0.969539801,-1,0.089250308,None,Non-nuclear-localized
ARHGEF6,0.844624377,1.058658815,0.806366545,0.965019415,-1,0.0936394,None,Non-nuclear-localized
CDH3,0.590703165,1.085930571,0.555276941,0.96407426,-1,0.121856311,None,Non-nuclear-localized
ITGA9,0.563303924,1.129387475,0.998562516,0.999835174,-1,0.129552301,None,Non-nuclear-localized
ITGAM,0.822136001,1.068501848,0.606637626,0.931437159,-1,0.137064689,None,Non-nuclear-localized
AKAP5,0.575784622,1.120016582,0.827148935,0.977182738,-1,0.142833844,None,Non-nuclear-localized
CGNL1,0.893332826,1.021217994,0.078470255,0.874777221,-1,0.146440774,None,Non-nuclear-localized
TJP1,0.817931642,1.122147572,0.887356108,0.972450903,-1,0.149696669,None,Non-nuclear-localized
RASA1,0.884093721,1.07109241,0.598525539,0.905571567,-1,0.165520843,None,Non-nuclear-localized
PRKCA,0.405492997,1.185319607,0.899128761,0.988650509,-1,0.196669098,None,Nuclear-localized
FSCN1,0.670458596,1.111184572,0.414434485,0.912568362,-1,0.19861621,None,Non-nuclear-localized
SH3KBP1,0.850838903,1.05579835,0.182410451,0.843839463,-1,0.211958887,None,Non-nuclear-localized
DIAPH1,0.820221714,1.134542712,0.707647677,0.919189419,-1,0.215353292,None,Nuclear-localized
PVR,0.532321695,1.233788351,0.823366133,0.970780996,-1,0.263007355,None,Non-nuclear-localized
MYO6,0.652813677,1.185532458,0.403045931,0.889308161,-1,0.296224298,None,Nuclear-localized
CEACAM1,0.080945987,1.303758946,0.523112862,0.955657527,-1,0.34810142,None,Non-nuclear-localized
ARHGAP26,0.351976602,1.29211398,0.569097818,0.933539993,-1,0.358573988,None,Non-nuclear-localized
LIMS2,0.498221643,1.220470355,0.129880602,0.843751054,-1,0.3767193,None,Nuclear-localized
ASAP2,0.338574419,1.371134133,0.87174705,0.97902517,-1,0.392108962,None,Non-nuclear-localized
CASS4,0.459913938,1.204465458,0.065639478,0.799040965,-1,0.405424493,None,Non-nuclear-localized
FBLIM1,0.312292247,1.35450146,0.664044753,0.948426385,-1,0.406075075,None,Nuclear-localized
PTPRM,0.142683546,1.400088171,0.682064766,0.9620811,-1,0.438007071,None,Non-nuclear-localized
MARCKS,0.422013479,1.310142426,0.334822163,0.869711983,-1,0.440430443,None,Nuclear-localized
ARHGAP24,0.208709793,1.334841185,0.163546095,0.87749217,-1,0.457349015,None,Non-nuclear-localized
GIT1,0.578128833,1.311239182,0.409739839,0.844408437,-1,0.466830745,None,Non-nuclear-localized
ARHGEF2,0.342218109,1.468870896,0.842551074,0.968390811,-1,0.500480085,None,Non-nuclear-localized
STARD13,0.270440862,1.437375144,0.605106779,0.935335501,-1,0.502039643,None,Non-nuclear-localized
MYH9,0.481399928,1.503192715,0.939820476,0.983061691,-1,0.520131025,None,Nuclear-localized
ILK,0.711942422,1.279773244,0.238545396,0.734620327,-1,0.545152918,None,Nuclear-localized
ITGB5,0.363756814,1.385673812,0.208294036,0.840367168,-1,0.545306644,None,Non-nuclear-localized
MSN,0.334406112,1.429168038,0.347792229,0.857379551,-1,0.571788487,None,Nuclear-localized
SIRPA,0.109747742,1.463856934,0.326899933,0.877374737,-1,0.586482197,None,Non-nuclear-localized
RNF185,0.379601077,1.56121657,0.911018009,0.968898057,-1,0.592318513,None,Non-nuclear-localized
ARHGEF7,0.264515415,1.704144085,0.86997087,0.968625708,-1,0.735518377,None,Non-nuclear-localized
CAPN2,0.137364801,1.780359809,0.999582644,0.999921567,-1,0.780438241,None,Nuclear-localized
FYN,0.064608176,1.641313576,0.165033467,0.857883264,-1,0.783430312,None,Nuclear-localized
DEF6,0.167784708,1.671375377,0.141911918,0.808186512,-1,0.863188865,None,Nuclear-localized
CD2AP,0.373803489,1.649160875,0.146528676,0.775622553,-1,0.873538321,None,Nuclear-localized
MAGI1,0.065832277,1.89066094,0.942954384,0.990817729,-1,0.899843211,None,Nuclear-localized
PIP5K1C,0.340312904,1.804422925,0.278244336,0.774349909,-1,1.030073016,None,Nuclear-localized
ARHGAP35,0.170980313,1.925397589,0.380307465,0.827098213,-1,1.098299377,None,Nuclear-localized
LPXN,0.076120046,1.961090912,0.181778728,0.801098183,-1,1.159992729,None,Nuclear-localized
DYNC1H1,0.272461104,2.109120593,0.575114919,0.865898241,-1,1.243222352,None,Non-nuclear-localized
ABL1,0.188568611,2.049909366,0.289257241,0.753251353,-1,1.296658013,None,Nuclear-localized
CFL1,0.281551522,2.201835803,0.419780529,0.768468591,-1,1.433367211,None,Nuclear-localized
ADAM10,0.075706013,2.251985561,0.082325128,0.687215896,-1,1.564769665,None,Nuclear-localized
CTTN,0.111097211,2.686461835,0.979885101,0.993567525,-1,1.69289431,None,Non-nuclear-localized
MAPK8,0.065339022,3.014029395,0.576175864,0.887913586,-1,2.126115808,None,Nuclear-localized
CSNK2A1,0.069190332,3.19147294,0.834607436,0.945163267,-1,2.246309673,None,Nuclear-localized
ARF1,0.070853075,3.767814979,0.104360853,0.617951543,-1,3.149863437,None,Non-nuclear-localized
MAPK1,0.994700267,1.004898664,0.072449425,1.714309512,1,-0.709410847,None,Nuclear-localized
CRKL,0.051066,0.285048328,0.84791216,0.955320988,1,-0.67027266,None,Nuclear-localized
PTPRA,0.924821662,1.060077156,0.058751068,1.72763255,1,-0.667555394,None,Non-nuclear-localized
CSK,0.180919986,0.44183404,0.970896968,0.991327877,1,-0.549493837,None,Non-nuclear-localized
GIT2,0.940775406,1.046897101,0.207920078,1.450133999,1,-0.403236898,None,Nuclear-localized
PARVA,0.995614418,1.00242841,0.081061443,1.374088724,1,-0.371660314,None,Nuclear-localized
PAK1,0.069197953,0.54772856,0.260444529,0.866033739,1,-0.318305178,None,Nuclear-localized
PFN1,0.298013408,0.442634597,0.323262874,0.748200842,1,-0.305566245,None,Nuclear-localized
LPP,0.143266733,0.534889121,0.31915539,0.835121334,1,-0.300232213,None,Nuclear-localized
PLCG1,0.145916291,0.511125978,0.320529327,0.808252415,1,-0.297126437,None,Nuclear-localized
ITGA6,0.168702293,0.713242923,0.915997934,0.988825048,1,-0.275582125,None,Non-nuclear-localized
PTK2,0.084217261,0.349418753,0.058859325,0.620575609,1,-0.271156856,None,Nuclear-localized
CAV1,0.086551205,0.688318247,0.674989627,0.957254001,1,-0.268935754,None,Non-nuclear-localized
SSX2IP,0.158152139,0.631642961,0.476161603,0.896590124,1,-0.264947163,None,Nuclear-localized
ITGA5,0.389199834,0.73470974,0.897590633,0.980545663,1,-0.245835923,None,Non-nuclear-localized
ARHGAP5,0.506684052,0.730962613,0.847387835,0.959470427,1,-0.228507813,None,Non-nuclear-localized
CDH1,0.069725701,0.733560537,0.546980313,0.958398612,1,-0.224838075,None,Non-nuclear-localized
PRNP,0.167980143,0.638255583,0.216920268,0.837206403,1,-0.198950821,None,Nuclear-localized
NUDT16L1,0.262938936,0.582800656,0.217910061,0.765175784,1,-0.182375127,None,Nuclear-localized
DOCK1,0.45922467,0.744863598,0.654920806,0.925947754,1,-0.181084157,None,Nuclear-localized
CYTH2,0.347981578,0.62830006,0.321438791,0.792924457,1,-0.164624397,None,Non-nuclear-localized
CTNND1,0.533131371,0.701032088,0.468619083,0.849500788,1,-0.1484687,None,Nuclear-localized
CALR,0.917855827,1.045291551,0.415149457,1.191409008,1,-0.146117457,None,Nuclear-localized
INPPL1,0.756870798,1.160464761,0.151880792,1.30025051,1,-0.139785749,None,Nuclear-localized
PTPN1,0.82702724,1.096079765,0.323908146,1.228231419,1,-0.132151654,None,Non-nuclear-localized
FABP3,0.207690338,0.839197478,0.571294305,0.965708489,1,-0.126511011,None,Non-nuclear-localized
PTEN,0.536179355,0.810993454,0.549845161,0.924985567,1,-0.113992113,None,Nuclear-localized
AGAP2,0.3353403,0.825957104,0.496426538,0.932525806,1,-0.106568702,None,Nuclear-localized
ITGAD,0.25206132,0.875162908,0.622845594,0.970184918,1,-0.09502201,None,Non-nuclear-localized
ADAM12,0.759418187,1.055474344,0.151012512,1.141036868,1,-0.085562524,None,Nuclear-localized
ACTN4,0.320573972,0.617920787,0.064093049,0.691564163,1,-0.073643376,None,Nuclear-localized
NRP2,0.795619737,1.058337103,0.192000739,1.130893768,1,-0.072556665,None,Non-nuclear-localized
SPTBN1,0.706522154,0.850943978,0.65750452,0.922152582,1,-0.071208604,None,Nuclear-localized
TES,0.305579334,0.744994917,0.103120114,0.815307954,1,-0.070313037,None,Nuclear-localized
NEDD9,0.404583233,0.825469583,0.205025011,0.895397628,1,-0.069928044,None,Nuclear-localized
PLEKHA7,0.588041265,0.857703632,0.48924705,0.923445671,1,-0.065742039,None,Nuclear-localized
FHL2,0.197615312,0.785305783,0.068892705,0.847538691,1,-0.062232909,None,Nuclear-localized
KCNH2,0.340424972,0.894887093,0.324726763,0.948357706,1,-0.053470613,None,Non-nuclear-localized
SH2B1,0.580120821,1.42174009,0.066631229,1.474007051,1,-0.05226696,None,Nuclear-localized
CDH7,0.198876772,0.898920529,0.219555424,0.945330405,1,-0.046409876,None,Non-nuclear-localized
CDH9,0.43960833,0.935190465,0.762093681,0.980451813,1,-0.045261348,None,Non-nuclear-localized
CDH20,0.820746178,1.022725567,0.195343812,1.067395271,1,-0.044669704,None,Non-nuclear-localized
NME1,0.562306698,1.278129298,0.213350848,1.315458675,1,-0.037329377,None,Nuclear-localized
SORBS3,0.593635988,0.841968573,0.334665475,0.872524499,1,-0.030555926,None,Nuclear-localized
SHARPIN,0.497525282,0.607069079,0.115686794,0.630226443,1,-0.023157363,None,Non-nuclear-localized
CTNNA3,0.566378673,0.936089198,0.426697728,0.955278305,1,-0.019189106,None,Non-nuclear-localized
LMO7,0.631036422,1.12871699,0.213714507,1.141934958,1,-0.013217968,None,Nuclear-localized
CDH4,0.941251887,1.006513807,0.679316406,1.018364071,1,-0.011850263,None,Non-nuclear-localized
SRC,0.508264643,1.254399144,0.138251573,1.251556865,1,0.002842279,None,Nuclear-localized
CDH22,0.651500314,0.964669273,0.299091624,0.960652056,1,0.004017217,None,Non-nuclear-localized
ITGA1,0.596538319,0.835158647,0.253780367,0.830892381,1,0.004266266,None,Non-nuclear-localized
PTPRO,0.667032285,1.066420346,0.496293569,1.057652961,1,0.008767386,None,Non-nuclear-localized
IRS1,0.642096779,1.096952674,0.407661154,1.077799903,1,0.019152772,None,Nuclear-localized
ACTR3,0.58724736,0.666181322,0.083978299,0.630916788,1,0.035264534,None,Nuclear-localized
VIM,0.719050051,0.888377561,0.226585818,0.852231763,1,0.036145798,None,Nuclear-localized
CDH10,0.410671147,1.088461526,0.311378339,1.050637558,1,0.037823968,None,Non-nuclear-localized
RHOU,0.725921767,1.063162299,0.794743927,1.023995568,1,0.039166731,None,Non-nuclear-localized
FAT1,0.763016793,1.067376229,0.862826115,1.015326471,1,0.052049758,None,Nuclear-localized
ITGA3,0.991262049,0.99695625,0.448359801,0.921855739,1,0.075100512,None,Non-nuclear-localized
KEAP1,0.691025844,1.236143546,0.435552071,1.160768682,1,0.075374864,None,Nuclear-localized
SHC1,0.448872395,1.379562178,0.176630835,1.298656008,1,0.08090617,None,Non-nuclear-localized
CDH18,0.294823073,1.096887482,0.657137826,1.015117968,1,0.081769515,None,Non-nuclear-localized
FER,0.549164366,0.795912221,0.050771127,0.705497459,1,0.090414761,None,Nuclear-localized
NEXN,0.563120413,1.154106991,0.559621325,1.06306562,1,0.091041371,None,Non-nuclear-localized
CBLL1,0.488173399,1.457953894,0.260811398,1.349673389,1,0.108280505,None,Nuclear-localized
CDH2,0.22721168,1.15718279,0.389891091,1.043318155,1,0.113864635,None,Non-nuclear-localized
HRAS,0.680036539,1.206626777,0.675229718,1.083886109,1,0.122740668,None,Nuclear-localized
CASP3,0.645778251,1.244224181,0.597048382,1.11704502,1,0.12717916,None,Nuclear-localized
VEZT,0.815101814,1.136819039,0.981710483,1.004866276,1,0.131952763,None,Nuclear-localized
PTPRT,0.054626891,1.172604661,0.345657266,1.032309471,1,0.14029519,None,Non-nuclear-localized
TRPC4,0.332526586,1.21296155,0.375123538,1.072211633,1,0.140749917,None,Non-nuclear-localized
ITGA10,0.214127993,1.243149645,0.188040788,1.100118268,1,0.143031377,None,Non-nuclear-localized
NDEL1,0.748159402,1.226283173,0.755174353,1.079260106,1,0.147023068,None,Nuclear-localized
NF2,0.890655951,0.937012147,0.157932756,0.783867975,1,0.153144172,None,Nuclear-localized
IQGAP1,0.89904683,0.938010715,0.188526521,0.75622434,1,0.181786375,None,Nuclear-localized
LIN7A,0.114203854,1.233694827,0.46263261,1.047479858,1,0.186214969,None,Non-nuclear-localized
PARVB,0.080299028,1.434859661,0.060442923,1.230540152,1,0.204319509,None,Non-nuclear-localized
CDH6,0.142236833,1.216099852,0.958141129,1.003368564,1,0.212731288,None,Nuclear-localized
TSPAN1,0.062397206,1.271954514,0.376690582,1.04737996,1,0.224574554,None,Nuclear-localized
PEAK1,0.40035462,1.497536229,0.305299387,1.215338328,1,0.282197901,None,Non-nuclear-localized
SIPA1L3,0.368626338,1.440370364,0.607238484,1.094317912,1,0.346052452,None,Nuclear-localized
LAYN,0.100723993,1.464657584,0.227446567,1.113138609,1,0.351518975,None,Non-nuclear-localized
SLC16A3,0.175408145,1.377549628,0.913605086,1.011655556,1,0.365894072,None,Nuclear-localized
GNA12,0.479339142,1.471469637,0.764710583,1.06605417,1,0.405415467,None,Non-nuclear-localized
CDH5,0.227260248,1.545430839,0.643963716,1.085337335,1,0.460093504,None,Nuclear-localized
PTPN6,0.190625357,1.729566966,0.171388535,1.268939245,1,0.460627721,None,Nuclear-localized
PRKD1,0.065046878,1.52055976,0.864977116,1.016046512,1,0.504513248,None,Nuclear-localized
NRP1,0.130796478,1.634679946,0.381865101,1.115438557,1,0.519241388,None,Non-nuclear-localized
TUBA1B,0.332041902,1.738032,0.486709108,1.204994791,1,0.533037209,None,Non-nuclear-localized
DLG1,0.226444837,1.721181475,0.377896879,1.182554191,1,0.538627284,None,Nuclear-localized
SCRIB,0.458724562,1.687054732,0.597468363,1.133110353,1,0.553944379,None,Nuclear-localized
ARHGAP12,0.189009177,2.024130587,0.155938336,1.321421334,1,0.702709253,None,Non-nuclear-localized
CRK,0.293994388,2.075439809,0.244876885,1.309092735,1,0.766347075,None,Nuclear-localized
LIMA1,0.074690098,1.85124963,0.949864017,1.009070009,1,0.842179621,None,Non-nuclear-localized
RACGAP1,0.088868702,2.230791501,0.177478746,1.387404812,1,0.84338669,None,Nuclear-localized
PLEC,0.157504237,1.90119298,0.841810492,1.04051374,1,0.86067924,None,Non-nuclear-localized
RAVER1,0.148522664,2.197319355,0.684169304,1.091638369,1,1.105680985,None,Nuclear-localized
RAC1,0.15747938,2.335021403,0.819471875,1.058879553,1,1.27614185,None,Non-nuclear-localized
CBL,0.061658468,2.988380163,0.05690699,1.667723124,1,1.320657039,None,Non-nuclear-localized
CORO1B,0.081018283,2.686775819,0.331099497,1.235917312,1,1.450858507,None,Non-nuclear-localized
CTNNA1,0.149195942,2.55018607,0.960932726,1.012526698,1,1.537659373,None,Non-nuclear-localized
ZYX,0.215751327,0.55959082,0.001748911,1.868099239,-1,-1.308508419,One,Nuclear-localized
CASP8,2.29E-05,0.173432202,0.068654725,1.366173214,-1,-1.192741012,One,Nuclear-localized
ITGB1BP1,1.67E-06,0.04780853,0.73107098,1.087822204,-1,-1.040013674,One,Nuclear-localized
VASP,0.021484969,0.295441594,0.244914949,1.285501731,-1,-0.990060137,One,Non-nuclear-localized
ITGB3BP,0.049383188,0.448897504,0.061520509,1.427411147,-1,-0.978513643,One,Nuclear-localized
CTNNB1,0.000266345,0.162382258,0.513759228,1.125461797,-1,-0.963079538,One,Nuclear-localized
ABI1,0.005896323,0.119236727,0.773601253,1.081699944,-1,-0.962463217,One,Nuclear-localized
CD151,0.207936588,0.601810686,0.017908333,1.561919039,-1,-0.960108352,One,Non-nuclear-localized
ACTB,0.002931565,0.134406913,0.777144781,1.08690334,-1,-0.952496427,One,Nuclear-localized
HEG1,1.49E-13,0.118926293,0.95753312,1.00748263,-1,-0.888556336,One,Non-nuclear-localized
VAV2,0.35166459,0.713763468,0.003105233,1.587908444,-1,-0.874144976,One,Non-nuclear-localized
CAPN1,0.016365176,0.271659052,0.577468117,1.130755065,-1,-0.859096013,One,Non-nuclear-localized
ITGB2,0.002043526,0.25305445,0.592651803,1.105657742,-1,-0.852603292,One,Non-nuclear-localized
ASAP3,0.314143883,0.772091179,8.15E-05,1.558026918,-1,-0.785935739,One,Nuclear-localized
FERMT3,0.735011688,0.877218385,0.007011369,1.655413274,-1,-0.778194888,One,Non-nuclear-localized
ITGA4,0.000168712,0.378467425,0.199260178,1.151432805,-1,-0.772965379,One,Non-nuclear-localized
PTPRJ,0.000395328,0.316106025,0.83553112,1.026115971,-1,-0.710009946,One,Non-nuclear-localized
BCAR1,0.00391828,0.3139665,0.918094705,1.018382398,-1,-0.704415898,One,Non-nuclear-localized
ANKRD28,0.046203429,0.349025164,0.889358876,1.025848956,-1,-0.676823792,One,Nuclear-localized
VAV1,0.327415213,0.797463586,0.000283063,1.466220234,-1,-0.668756648,One,Non-nuclear-localized
SORBS1,0.416431617,0.840751388,0.000534318,1.404234285,-1,-0.563482897,One,Nuclear-localized
ADAM9,0.016750923,0.523956878,0.533506501,1.087104879,-1,-0.563148,One,Non-nuclear-localized
ANK3,0.003700998,0.512233794,0.485146153,1.058045152,-1,-0.545811358,One,Non-nuclear-localized
ITGAX,0.739486898,0.898694068,0.025697388,1.405651562,-1,-0.506957494,One,Non-nuclear-localized
JUP,0.976577652,0.990258634,0.005996001,1.485538434,-1,-0.495279799,One,Nuclear-localized
PTPRK,0.739724208,0.911511254,0.007982293,1.385391297,-1,-0.473880043,One,Non-nuclear-localized
SYK,0.324275135,0.807777669,0.03286838,1.253230805,-1,-0.445453135,One,Nuclear-localized
PTPRU,0.025908728,0.684341556,0.281145757,1.089888437,-1,-0.405546881,One,Non-nuclear-localized
ITGB6,0.044422026,0.78292895,0.705946335,1.020600675,-1,-0.237671725,One,Nuclear-localized
CTNND2,0.129869091,1.127906398,0.015440276,0.907983907,-1,0.219922492,One,Nuclear-localized
CDH8,0.021633449,1.235640897,0.914672733,0.994903138,-1,0.240737759,One,Non-nuclear-localized
HSPA2,0.355488109,1.162824431,0.047218107,0.884867697,-1,0.277956734,One,Nuclear-localized
LDB3,0.367592794,1.15047106,0.047579024,0.867452397,-1,0.283018663,One,Non-nuclear-localized
TIAM1,0.378043632,1.203773901,0.031419574,0.823004494,-1,0.380769407,One,Nuclear-localized
PXN,0.857724142,1.079061869,0.038425105,0.655652237,-1,0.423409632,One,Non-nuclear-localized
TRIP6,0.494178362,1.237472547,0.027608643,0.768630168,-1,0.46884238,One,Nuclear-localized
ITGB3,0.018214455,1.477430051,0.911942862,0.99258883,-1,0.484841221,One,Nuclear-localized
PLD1,0.37928115,1.25829824,0.006336294,0.745926628,-1,0.512371612,One,Non-nuclear-localized
SDC1,0.032079712,1.564505706,0.340526771,0.919955545,-1,0.644550161,One,Non-nuclear-localized
FERMT2,0.633172068,1.223106715,9.86E-05,0.531563441,-1,0.691543273,One,Nuclear-localized
THY1,0.033263287,1.679741824,0.447757254,0.927767475,-1,0.751974349,One,Non-nuclear-localized
PRKCD,0.326021442,1.368025625,0.002011848,0.58635007,-1,0.781675555,One,Nuclear-localized
PDE4D,0.003185461,1.837009897,0.184342518,0.894096843,-1,0.942913054,One,Nuclear-localized
LIMK1,0.20710979,1.678795487,0.039492414,0.672891661,-1,1.005903826,One,Nuclear-localized
PPM1F,0.354364783,1.739383327,0.019425757,0.570080471,-1,1.169302856,One,Nuclear-localized
ARPC2,0.446541827,1.812296411,0.004640111,0.415104254,-1,1.397192157,One,Nuclear-localized
PTPRF,0.008844702,2.324159492,0.203484075,0.855300078,-1,1.468859414,One,Non-nuclear-localized
DNM2,0.162071718,2.063313212,0.034444834,0.571333531,-1,1.491979681,One,Nuclear-localized
SDC4,0.000107792,2.961330809,0.892148279,0.982927304,-1,1.978403505,One,Non-nuclear-localized
PTK2B,0.000688023,2.859955777,0.153634001,0.826343157,-1,2.03361262,One,Nuclear-localized
MMP14,0.001661349,3.068679818,0.447250673,0.89578555,-1,2.172894269,One,Nuclear-localized
LYN,9.48E-05,3.424130333,0.360460677,0.875505802,-1,2.548624531,One,Nuclear-localized
ARF6,0.020837734,3.696757539,0.994288846,0.998460082,-1,2.698297456,One,Non-nuclear-localized
TRPM7,0.013260725,4.152618763,0.397617428,0.829116243,-1,3.323502521,One,Non-nuclear-localized
ABI2,0.006539135,4.666661665,0.306976365,0.819459334,-1,3.847202331,One,Nuclear-localized
PDPK1,0.007308681,5.038808431,0.511131032,0.824222326,-1,4.214586105,One,Nuclear-localized
ACP1,0.005099035,7.166486021,0.64204392,0.90321133,-1,6.26327469,One,Non-nuclear-localized
RAP1A,0.004974599,7.454199572,0.324877512,0.745056482,-1,6.70914309,One,Non-nuclear-localized
CDC42,0.000398526,16.08105695,0.072074631,0.610509612,-1,15.47054733,One,Non-nuclear-localized
PKP4,2.32E-06,0.11858024,0.599386704,0.911305516,1,-0.792725276,One,Nuclear-localized
ARHGEF12,3.65E-06,0.048109473,0.43782983,0.822835006,1,-0.774725533,One,Non-nuclear-localized
WIPF2,0.000948349,0.205900957,0.905047773,0.973587001,1,-0.767686044,One,Nuclear-localized
STAT3,0.025166688,0.274113434,0.940792423,0.984241618,1,-0.710128184,One,Nuclear-localized
AKT1,0.000602651,0.134128448,0.339541763,0.804605561,1,-0.670477113,One,Nuclear-localized
XIST,0.001139391,0.299085768,0.460282163,0.95432624,1,-0.655240472,One,Non-nuclear-localized
PARD3,0.005366052,0.334802044,0.922334118,0.983938663,1,-0.64913662,One,Non-nuclear-localized
SLC9A1,0.005073245,0.35586516,0.926426701,0.983380349,1,-0.627515189,One,Nuclear-localized
TJP2,0.013515131,0.39720593,0.76133115,0.955886413,1,-0.558680483,One,Nuclear-localized
GRB2,0.000430203,0.121429134,0.093522494,0.662391346,1,-0.540962212,One,Nuclear-localized
PPFIA1,0.005938574,0.21000208,0.242981977,0.750597724,1,-0.540595644,One,Non-nuclear-localized
KTN1,0.047932681,0.364416097,0.577095393,0.901062757,1,-0.53664666,One,Non-nuclear-localized
RHOA,0.012117183,0.143321893,0.136046477,0.656869805,1,-0.513547911,One,Nuclear-localized
DBN1,0.009201534,0.431982605,0.371806709,0.888347988,1,-0.456365382,One,Non-nuclear-localized
ELMO1,0.005875778,0.460622438,0.334853721,0.894744702,1,-0.434122263,One,Non-nuclear-localized
ITGA2,0.002851399,0.545437731,0.721727694,0.968147816,1,-0.422710085,One,Nuclear-localized
ACTN1,0.845470966,1.080181779,0.026666831,1.467874383,1,-0.387692604,One,Non-nuclear-localized
DLG5,0.02395816,0.492323295,0.317238443,0.866576253,1,-0.374252958,One,Non-nuclear-localized
DLC1,0.022614946,0.512052331,0.254538398,0.877708151,1,-0.36565582,One,Nuclear-localized
BCAR3,0.047656953,0.634270714,0.993434189,0.999075224,1,-0.36480451,One,Non-nuclear-localized
SYNM,0.013697575,0.622174861,0.697122601,0.967953163,1,-0.345778302,One,Non-nuclear-localized
NCK2,0.413392565,1.438324694,0.001655653,1.770858558,1,-0.332533865,One,Non-nuclear-localized
PDZD2,0.031375238,0.701565211,0.73588604,0.971580669,1,-0.270015457,One,Nuclear-localized
SH3BP1,0.033366473,0.541289075,0.145822399,0.77517937,1,-0.233890295,One,Nuclear-localized
FERMT1,0.011498221,0.737387795,0.447625552,0.958220511,1,-0.220832717,One,Non-nuclear-localized
PABPC1,0.118786528,1.860602656,1.54E-06,2.061915104,1,-0.201312448,One,Nuclear-localized
CORO2A,0.315368248,1.246253175,0.000333035,1.441019773,1,-0.194766598,One,Non-nuclear-localized
EZR,0.141131287,1.625485859,2.62E-05,1.816197888,1,-0.19071203,One,Nuclear-localized
CDH19,0.014886417,0.814271988,0.985469885,0.9993638,1,-0.185091812,One,Non-nuclear-localized
PKD1,0.132210303,0.413157414,0.006705884,0.546654016,1,-0.133496602,One,Nuclear-localized
PALLD,0.082999,0.589929631,0.005303484,0.702598009,1,-0.112668378,One,Nuclear-localized
RAPGEF1,0.24322658,0.516769493,0.031914084,0.579716618,1,-0.062947125,One,Non-nuclear-localized
CTNNA2,0.496683349,1.06686804,0.013766931,1.104859485,1,-0.037991445,One,Nuclear-localized
CD47,0.199476968,0.669113244,0.006373904,0.702420029,1,-0.033306785,One,Non-nuclear-localized
SMPX,0.453883243,1.070132948,0.038237324,1.099481395,1,-0.029348447,One,Nuclear-localized
CDH12,0.338243211,1.072215646,0.018590436,1.083652011,1,-0.011436365,One,Non-nuclear-localized
ABI3,0.256903993,1.600092563,0.032175514,1.586051602,1,0.014040961,One,Non-nuclear-localized
SORBS2,0.479116775,0.887876367,0.016007424,0.848171173,1,0.039705194,One,Nuclear-localized
EXOC3,0.300958678,0.694024022,0.02003924,0.639102483,1,0.05492154,One,Non-nuclear-localized
MPP7,0.446948461,0.875163366,0.010315581,0.808895788,1,0.066267578,One,Nuclear-localized
WASL,0.268775925,0.584252529,0.006656006,0.512075181,1,0.072177348,One,Nuclear-localized
VAV3,0.496843691,0.920102528,0.003919441,0.843846979,1,0.076255548,One,Non-nuclear-localized
EGFR,0.159144314,1.30259404,0.01303295,1.204650544,1,0.097943495,One,Nuclear-localized
ITGA11,0.916470224,0.978868613,0.049138817,0.832189306,1,0.146679308,One,Non-nuclear-localized
INPP5D,0.630920227,0.888591917,0.012439572,0.718794534,1,0.169797384,One,Non-nuclear-localized
PSEN1,0.429624187,0.588868023,0.008325949,0.41627868,1,0.172589343,One,Nuclear-localized
TESK1,0.607553221,0.726939828,0.008803408,0.536679115,1,0.190260713,One,Nuclear-localized
MYO7A,0.808841696,0.953305301,0.008993849,0.759741705,1,0.193563596,One,Non-nuclear-localized
TNS1,0.111114248,1.670261117,0.018630339,1.366907978,1,0.303353139,One,Non-nuclear-localized
GRB7,0.039484368,1.440337055,0.337390169,1.081344571,1,0.358992483,One,Non-nuclear-localized
ITGB4,0.02060241,1.694602604,0.626490003,1.045295934,1,0.64930667,One,Nuclear-localized
PLAUR,0.019180345,1.86479146,0.537040559,1.096586222,1,0.768205238,One,Non-nuclear-localized
CSRP1,0.042152254,1.978473561,0.96123159,1.006692914,1,0.971780647,One,Nuclear-localized
ITGAV,0.022154743,2.040204141,0.70467874,1.053967001,1,0.98623714,One,Non-nuclear-localized
RDX,0.006134169,2.364858282,0.235720198,1.196865572,1,1.16799271,One,Non-nuclear-localized
CSNK1E,0.042454733,2.756547403,0.078175172,1.470377736,1,1.286169666,One,Nuclear-localized
LASP1,0.042267308,2.654311976,0.980425997,1.005227905,1,1.649084071,One,Non-nuclear-localized
PPP2CA,0.070258344,5.024980679,5.87E-05,3.219167045,1,1.805813634,One,Nuclear-localized
FLNA,0.004026752,3.340879219,0.237387961,1.199413025,1,2.141466194,One,Nuclear-localized
ARHGAP32,3.22E-05,3.933680833,0.599719523,1.07829834,1,2.855382492,One,Nuclear-localized
SOS1,0.041605696,4.116175081,0.832330403,1.046151348,1,3.070023732,One,Non-nuclear-localized
SLC3A2,4.85E-05,5.2065842,0.925289859,1.015081046,1,4.191503154,One,Nuclear-localized
ENG,0.000447503,5.333286519,0.506185705,1.139574318,1,4.1937122,One,Nuclear-localized
ARHGAP21,0.000231795,5.220282913,0.913423297,1.022474348,1,4.197808565,One,Non-nuclear-localized
VCL,9.75E-05,6.142863126,0.488888231,1.157074161,1,4.985788965,One,Non-nuclear-localized
PPM1M,0.00011438,6.926564746,0.174382767,1.30014448,1,5.626420267,One,Nuclear-localized
NISCH,0.000833452,8.128047432,0.577728447,1.13974009,1,6.988307341,One,Nuclear-localized
PIK3CA,0.000193258,8.68686706,0.392362191,1.237108897,1,7.449758163,One,Non-nuclear-localized
